Date,Symbol,Quantity,Value
170,XLF,771,9913.740819
171,XLF,-18,-227.94129
171,XLK,7,216.09
172,XLY,16,744.32
172,XLF,-130,-1635.68639
172,XLK,31,950.15
173,XLY,5,234.95
173,XLE,1,73.78
173,XLF,57,723.896922
173,XLK,-34,-1055.53
174,XLY,-15,-701.85
174,XLF,32,405.09904
174,XLK,8,246.6
175,XLY,-3,-140.28
175,XLF,-45,-572.22837
175,XLK,24,738.24
176,XLY,11,513.37
176,XLE,-1,-73.93
176,XLF,-6,-76.443282
176,XLK,-13,-400.4
177,XLY,-2,-94.08
177,XLF,26,334.209954
177,XLK,-5,-154.8
178,XLY,-4,-189.88
178,XLE,2,147.51
178,XLF,-41,-534.847173
178,XLK,17,527.85
179,XLY,-3,-142.82999999999998
179,XLF,106,1382.345258
179,XLK,-33,-1019.37
179,XLE,-2,-147.16
180,XLY,-4,-190.08
180,XLF,-1,-13.032873
180,XLK,5,152.85
181,XLY,3,140.28
181,XLF,-7,-90.661697
182,XLY,-4,-185.88
182,XLF,-10,-129.43551
182,XLK,10,300.6
183,XLY,1,46.26
183,XLF,28,364.465724
183,XLK,-14,-419.16
184,XLY,1,46.25
184,XLF,-12,-154.055868
184,XLK,4,119.68
185,XLY,-2,-93.42
185,XLF,15,194.76228
185,XLK,-4,-120.28
186,XLF,-18,-235.176372
186,XLK,8,243.84
187,XLY,4,189.6
187,XLF,5,66.159085
187,XLK,-8,-242.56
188,XLY,-4,-189.72
188,XLF,5,66.30118999999999
188,XLK,3,89.895
189,XLF,4,52.326376
189,XLK,-1,-29.29
190,XLY,2,92.86
190,XLF,-55,-719.4876700000001
190,XLV,6,243.78000000000003
190,XLK,12,353.88
191,XLY,-1,-46.06
191,XLF,-34,-437.319866
191,XLV,17,681.5300000000001
191,XLK,-7,-204.19
192,XLY,3,137.64
192,XLF,67,861.777383
192,XLV,-18,-722.8799999999999
192,XLK,-10,-290.0
193,XLY,-4,-183.08
193,XLF,-14,-180.52762
193,XLV,4,161.92
193,XLB,6,216.24
194,XLF,24,307.916856
194,XLV,-5,-201.6
194,XLB,-3,-108.33
195,XLY,2,92.1434
195,XLF,-115,-1484.70773
195,XLV,10,400.289
195,XLB,27,972.8154
196,XLY,6,279.6
196,XLF,93,1215.455502
196,XLV,-14,-565.04
196,XLB,-25,-918.25
197,XLY,-8,-372.5688
197,XLF,-70,-909.46471
197,XLV,18,722.52
197,XLB,16,577.12
198,XLY,19,887.1099999999999
198,XLF,29,376.069419
198,XLV,-18,-722.8799999999999
198,XLB,-15,-544.8
199,XLY,-19,-891.8599999999999
199,XLF,12,157.3689
199,XLV,4,160.8
199,XLB,16,587.2
200,XLY,7,324.66
200,XLF,-10,-126.83706
200,XLV,7,276.71000000000004
200,XLB,-13,-469.95
201,XLY,-5,-228.2
201,XLF,-5,-62.84281
201,XLV,8,312.48
201,XLB,-1,-35.63
202,XLY,-1,-45.42
202,XLF,-49,-616.726936
202,XLV,-3,-117.51
202,XLB,22,782.32
203,XLY,8,363.68
203,XLF,68,857.246352
203,XLV,-12,-472.44
203,XLB,-21,-746.76
204,XLY,-2,-91.18
204,XLF,-5,-62.60651
204,XLV,-3,-117.66
204,XLB,8,284.0
205,XLY,2,89.82
205,XLF,-27,-332.045919
205,XLV,15,581.1
205,XLB,-10,-348.95000000000005
206,XLY,-5,-224.4
206,XLF,1,12.326418
206,XLV,-2,-77.28
206,XLB,7,243.46
207,XLY,2,90.3626
207,XLF,-2,-24.81524
207,XLV,3,116.79
207,XLB,-5,-174.3
208,XLY,-4,-184.6
208,XLF,52,657.386548
208,XLV,-17,-668.7800000000001
208,XLB,6,215.07
209,XLY,102,4730.76
209,XLV,94,3718.64
209,XLB,20,717.6
209,XLF,-721,-9162.515586
210,XLY,-9,-418.86
210,XLV,6,237.18
210,XLB,4,143.76
211,XLY,14,660.24
211,XLV,-18,-720.36
211,XLB,3,109.2
212,XLY,-19,-891.8599999999999
212,XLV,7,278.894
212,XLB,17,619.31
213,XLV,-2,-79.2
213,XLB,2,72.53
214,XLY,16,757.76
214,XLV,-12,-479.04
214,XLB,-7,-254.94
215,XLY,-97,-4606.53
215,XLP,175,6284.249999999999
215,XLV,-73,-2933.87
215,XLI,78,2902.38
215,XLB,-47,-1723.49
216,XLY,-2,-95.06
216,XLP,-1,-36.04
216,XLV,1,40.24
216,XLI,-25,-928.25
216,XLB,28,1027.6
217,XLY,-1,-47.28
217,XLP,-6,-215.397
217,XLV,-1,-40.1499
217,XLI,29,1065.1699999999998
217,XLB,-20,-720.4000000000001
218,XLP,10,358.25
218,XLV,2,80.47
218,XLI,4,147.48
218,XLB,-9,-324.765
218,XLY,-6,-282.48
219,XLP,2,71.78
219,XLV,2,80.74
219,XLB,-4,-142.64
220,XLP,-6,-215.58
220,XLV,-6,-242.1
220,XLI,11,409.75
220,XLB,2,71.5
221,XLP,11,397.98
221,XLI,-10,-374.95
222,XLP,-25,-903.5
222,XLV,3,121.95
222,XLI,22,828.96
222,XLB,-2,-72.56
223,XLV,-3,-123.24
223,XLI,2,75.52
223,XLB,1,36.57
224,XLP,13,469.04
224,XLI,-15,-567.3
224,XLB,1,36.48
225,XLP,-14,-504.28
225,XLI,18,678.6
225,XLB,-2,-72.76
226,XLP,10,359.6
226,XLI,-8,-300.96
226,XLB,-2,-73.3
227,XLP,-5,-180.2
227,XLI,5,189.85
228,XLP,2,72.06
228,XLI,-2,-76.93
229,XLP,-15,-535.0500000000001
229,XLI,13,497.25
230,XLP,4,143.48
230,XLI,-3,-115.35
231,XLP,-8,-281.36
231,XLI,7,265.51
232,XLP,12,420.72
232,XLI,-11,-416.02
233,XLP,-2,-69.52
233,XLI,3,113.07
234,XLP,3,104.46
234,XLI,-3,-112.89
235,XLP,3,103.35
235,XLI,-4,-148.88
236,XLP,11,383.9
236,XLI,-9,-341.1
237,XLP,-18,-644.4
237,XLI,16,620.8
238,XLP,-3,-107.13
238,XLI,3,116.49
240,XLP,-2,-71.14
240,XLI,2,77.9
241,XLP,1,35.47
241,XLI,-1,-38.65
242,XLP,7,248.85
242,XLI,-6,-234.24
243,XLP,-5,-178.79999999999998
243,XLI,4,156.92
244,XLP,1,35.92
244,XLI,-1,-39.09
245,XLP,7,252.21
245,XLI,-6,-235.44
246,XLP,1,36.14
246,XLI,-1,-39.35
247,XLP,1,36.09
247,XLI,-1,-39.19
248,XLP,5,181.65
248,XLI,-4,-158.44
249,XLP,-2,-72.96
249,XLI,1,39.93
251,XLI,152,6095.2
251,XLP,-167,-6092.16
261,XLI,-260,-10530.0
264,XLE,135,10555.65
270,XLE,-135,-10489.5
270,XLF,732,10497.04104
280,XLE,137,10714.77
280,XLF,-732,-10734.799764
287,XLE,-137,-10905.2
287,XLV,244,10914.12
290,XLP,276,10780.56
290,XLV,-241,-10806.44
291,XLP,-9,-350.46
291,XLE,1,78.13
291,XLV,5,222.95
292,XLP,7,275.1
292,XLE,-1,-78.75
292,XLV,-5,-224.65
293,XLP,2,78.54
294,XLP,2,79.28
294,XLV,-2,-90.64
295,XLP,-174,-6892.14
295,XLV,4,182.2
295,XLU,172,6644.360000000001
296,XLP,-12,-477.24
296,XLV,-5,-230.045
296,XLU,18,703.8000000000001
297,XLP,-37,-1470.75
297,XLE,1,79.15
297,XLV,4,184.28
297,XLU,33,1287.33
298,XLP,17,683.06
298,XLE,2,157.4
298,XLV,2,93.48
298,XLU,-25,-978.5
299,XLP,1,39.74
299,XLE,-1,-77.23
299,XLV,-5,-232.3
299,XLU,7,273.21000000000004
300,XLP,-15,-599.25
300,XLV,8,373.36
300,XLU,6,236.4
301,XLP,33,1308.78
301,XLE,-2,-154.6
301,XLV,-6,-278.46
301,XLU,-22,-870.54
302,XLP,-60,-2406.6
302,XLE,2,155.64
302,XLV,6,278.70000000000005
302,XLU,49,1953.63
303,XLP,19,761.33
303,XLE,-1,-78.48
303,XLV,5,233.0
303,XLU,-22,-874.5
304,XLP,5,201.85
304,XLE,1,78.9
304,XLV,-14,-663.39
304,XLU,7,280.49
305,XLP,-37,-1500.905
305,XLE,-2,-158.48
305,XLV,4,191.36
305,XLU,38,1526.08
306,XLY,5,272.04999999999995
306,XLP,30,1221.3
306,XLV,27,1294.11
306,XLU,-70,-2823.1
307,XLY,-5,-264.9
307,XLP,-15,-600.9000000000001
307,XLV,-29,-1364.74
307,XLU,57,2265.75
308,XLY,4,214.96
308,XLP,30,1224.3000000000002
308,XLU,-36,-1448.28
309,XLY,-4,-212.76
309,XLP,-1,-40.46
309,XLU,6,240.0
310,XLY,4,210.44
310,XLP,-12,-484.56000000000006
310,XLV,-1,-46.94
310,XLU,9,361.17
311,XLY,-4,-212.96
311,XLP,-16,-656.16
311,XLU,22,896.06
312,XLY,2,106.94
312,XLP,44,1808.84
312,XLV,-1,-47.89
312,XLU,-48,-1952.64
313,XLY,-1,-54.01
313,XLP,-31,-1284.33
313,XLV,5,240.95
313,XLU,28,1141.84
314,XLP,38,1549.2600000000002
314,XLV,-5,-236.8
314,XLU,-33,-1350.03
315,XLY,6,327.06
315,XLP,-36,-1472.4
315,XLV,1,47.55
315,XLU,27,1104.84
316,XLY,-6,-325.62
316,XLP,-15,-613.35
316,XLV,11,522.885
316,XLU,11,450.78
317,XLY,-1,-54.46
317,XLP,-25,-1025.5
317,XLV,-5,-238.45
317,XLU,32,1322.24
318,XLY,2,109.22
318,XLP,77,3152.38
318,XLV,-7,-331.31
318,XLU,-71,-2941.53
319,XLY,-2,-108.64
319,XLP,-66,-2699.4
319,XLU,69,2830.38
320,XLY,6,329.1
320,XLP,39,1600.9499999999998
320,XLV,2,94.7
320,XLU,-51,-2089.47
321,XLY,-4,-222.16
321,XLP,-43,-1772.89
321,XLV,1,47.67
321,XLU,47,1921.83
322,XLY,-2,-111.44
322,XLP,74,3028.82
322,XLV,-3,-142.07999999999998
322,XLU,-68,-2741.76
323,XLY,2,112.38
323,XLP,1,41.2401
323,XLV,2,95.02
323,XLU,-4,-162.84
324,XLP,3,123.87
324,XLU,-4,-161.4
325,XLY,6,337.98
325,XLP,-55,-2255.0
325,XLV,-1,-47.71
325,XLU,49,1947.26
326,XLY,-8,-454.16
326,XLP,106,4362.96
326,XLV,-1,-48.18
326,XLU,-98,-3903.34
327,XLP,-5,-206.15
327,XLV,2,97.16
327,XLU,4,158.48
328,XLP,-8,-333.76
328,XLV,-1,-49.07
328,XLU,10,398.9
329,XLY,4,230.68
329,XLP,-25,-1053.375
329,XLV,1,49.33
329,XLU,19,765.1300000000001
330,XLY,-4,-228.0
330,XLP,38,1591.3184
330,XLV,-2,-97.64
330,XLU,-32,-1278.08
331,XLP,-29,-1216.26
331,XLU,31,1249.92
332,XLP,-11,-456.61
332,XLV,1,48.76
332,XLU,9,361.08
333,XLP,-21,-872.55
333,XLV,1,49.29
333,XLU,20,804.0
334,XLY,4,228.36
334,XLP,-8,-331.84
334,XLV,-2,-98.58
334,XLU,5,197.6
335,XLY,-2,-113.94
335,XLP,19,784.8900000000001
335,XLV,2,98.54
335,XLU,-19,-745.75
336,XLY,-2,-113.6
336,XLP,37,1542.9
336,XLU,-33,-1281.39
336,XLV,-2,-98.24
337,XLY,196,11240.6
337,XLP,-132,-5513.64
337,XLU,-149,-5718.620000000001
343,XLY,-196,-10827.04
343,XLF,691,10862.968459
346,XLF,-1,-16.2241
347,XLF,1,15.956134
362,XLF,-1,-15.858692
363,XLF,-146,-2308.255766
363,XLK,75,2323.5
364,XLF,-52,-836.8972039999999
364,XLK,26,810.68
365,XLF,7,113.48343300000002
365,XLK,-4,-124.64
366,XLF,23,376.04912600000006
366,XLK,-12,-375.36
367,XLF,166,2698.59228
367,XLK,-85,-2667.3
388,XLI,251,11455.64
388,XLF,-688,-11447.100864000002
398,XLI,-1,-45.12
400,XLI,1,45.03
403,XLV,225,11117.25
403,XLI,-251,-11116.79
414,XLV,-225,-11625.75
414,XLB,272,11595.36
422,XLB,24,1024.08
425,XLB,-280,-11813.2
425,XLK,363,11732.16
426,XLV,1,51.11
426,XLB,1,42.3
426,XLK,-3,-96.99
427,XLV,-1,-50.655
427,XLB,-1,-41.94
427,XLK,5,160.25
428,XLE,1,83.74
428,XLV,10,512.2
428,XLB,11,468.05
428,XLK,-35,-1126.3
429,XLE,2,166.1
429,XLV,-8,-405.2
429,XLB,-7,-294.21000000000004
429,XLK,17,544.68
430,XLE,-1,-82.16
430,XLV,9,449.28
430,XLB,9,372.24
430,XLK,-23,-725.19
431,XLE,-2,-163.74
431,XLV,-3,-149.49
431,XLB,10,414.2000000000001
431,XLK,-4,-126.6
432,XLE,2,166.78
432,XLV,4,203.96
432,XLB,-16,-676.8
432,XLK,8,257.44
433,XLE,-2,-168.58
433,XLB,-12,-510.6
433,XLK,42,1362.9
433,XLV,-12,-614.76
434,XLE,1,84.86
434,XLB,-6,-256.20000000000005
434,XLK,6,195.36
435,XLE,-1,-84.55
435,XLB,1,42.44
436,XLB,-6,-257.22
436,XLK,9,294.03000000000003
437,XLB,2,86.85
437,XLK,-2,-65.36
438,XLB,11,479.149
438,XLK,-17,-565.08
439,XLE,1,86.55
439,XLB,-12,-522.5999999999999
439,XLK,15,501.3
440,XLE,-1,-87.03
440,XLK,2,66.82
441,XLK,1,33.25
442,XLB,2,88.22
442,XLK,-4,-133.32
443,XLB,12,530.88
443,XLK,-15,-502.5
444,XLB,-13,-572.26
444,XLK,17,571.37
445,XLE,1,87.28
445,XLB,8,352.872
445,XLK,-15,-507.37500000000006
446,XLE,-1,-86.69
446,XLB,3,131.52
446,XLK,1,33.76
447,XLB,5,218.85
447,XLK,-9,-302.85
448,XLB,-17,-742.39
448,XLK,23,774.18
449,XLB,3,131.535
449,XLK,-4,-135.16
450,XLB,-1,-43.66
450,XLK,1,33.7
451,XLE,2,173.23
451,XLB,18,791.28
451,XLK,-27,-919.08
452,XLY,12,747.5999999999999
452,XLE,1,85.28
452,XLB,-18,-780.84
452,XLK,-3,-100.785
453,XLY,-8,-506.32
453,XLE,-2,-173.1
453,XLB,28,1237.18
453,XLK,-17,-576.3
454,XLY,-4,-253.56
454,XLE,1,86.71
454,XLB,44,1943.48
454,XLK,-53,-1798.82
455,XLY,3,189.84
455,XLB,-31,-1364.899
455,XLK,36,1225.08
456,XLY,-3,-192.84
456,XLK,70,2402.4
456,XLE,-2,-173.32
456,XLB,-44,-1947.88
463,XLY,203,13164.55
463,XLK,-385,-13151.6
481,XLY,-203,-13326.95
482,XLV,242,13288.22
491,XLV,-242,-13317.26
491,XLI,258,13253.46
492,XLV,11,611.71
492,XLI,-11,-568.5899999999999
493,XLV,1,56.1
493,XLI,-1,-51.6
494,XLV,3,169.56
494,XLI,-4,-207.4
495,XLY,5,331.70000000000005
495,XLV,-8,-453.92
495,XLI,-242,-12567.06
495,XLK,358,12644.56
496,XLY,-4,-260.04
496,XLV,14,787.9200000000001
496,XLI,8,410.4
496,XLK,-24,-838.56
497,XLF,432,7675.314624000001
497,XLV,-19,-1082.81
497,XLI,-7,-362.88
497,XLK,-174,-6182.22
497,XLY,-1,-65.57
498,XLF,45,809.01252
498,XLV,-2,-113.88
498,XLI,-1,-52.21
498,XLK,-19,-683.24
499,XLF,11,196.508114
499,XLV,2,114.16
499,XLI,1,52.08
499,XLK,-8,-287.6
500,XLF,86,1531.447838
500,XLV,-2,-114.04
500,XLI,1,51.82
500,XLK,-43,-1537.25
501,XLF,-177,-3154.807821
501,XLV,1,57.35
501,XLI,-2,-103.74
501,XLK,89,3197.77
502,XLF,314,5599.2144020000005
502,XLV,-1,-57.4
502,XLI,1,52.03
502,XLK,-157,-5634.7300000000005
503,XLF,-138,-2420.460246
503,XLV,2,114.0
503,XLI,2,102.82
503,XLK,63,2256.66
504,XLF,99,1697.026221
504,XLV,-1,-55.66
504,XLI,6,298.86
504,XLK,-56,-1967.28
505,XLF,-127,-2163.586859
505,XLV,2,110.42
505,XLI,-7,-349.02
505,XLK,70,2436.0
506,XLF,-116,-2002.563796
506,XLV,-2,-111.9
506,XLI,-1,-50.33
506,XLK,63,2179.17
507,XLF,48,818.9028959999999
507,XLV,-1,-55.44
507,XLI,3,149.37
507,XLK,-28,-960.96
508,XLF,254,4395.236828
508,XLI,-3,-150.84
508,XLK,-122,-4238.280000000001
509,XLF,-350,-5985.3773
509,XLI,-1,-50.03
509,XLK,174,6058.68
510,XLF,323,5384.639007
510,XLI,5,243.2
510,XLK,-164,-5590.76
511,XLF,-272,-4578.606464
511,XLV,5,277.0
511,XLI,-5,-244.75
511,XLK,131,4482.82
512,XLF,94,1580.785968
512,XLV,-5,-275.45000000000005
512,XLI,2,97.86
512,XLK,-40,-1370.0
513,XLF,-2,-34.153436
513,XLV,2,110.8
513,XLK,-3,-103.89
514,XLF,53,916.255626
514,XLV,-1,-56.35
514,XLK,-23,-807.3000000000001
515,XLF,-78,-1349.718396
515,XLV,-1,-56.82
515,XLI,1,50.15
515,XLK,38,1336.46
516,XLF,260,4545.50876
516,XLK,-124,-4414.400000000001
516,XLI,-3,-152.13
517,XLF,-7,-122.379082
517,XLK,4,142.96
518,XLF,-6,-105.286122
518,XLK,4,144.0
519,XLF,14,246.008672
519,XLK,-7,-252.49
520,XLF,-76,-1337.944204
520,XLB,5,230.75
520,XLK,30,1082.7
521,XLV,1,58.39
521,XLB,10,458.3
521,XLK,316,11366.52
521,XLF,-684,-11874.871332
522,XLV,1,58.92
522,XLB,-12,-555.72
522,XLK,13,469.1700000000001
523,XLV,-2,-117.62
523,XLB,2,92.38
524,XLV,1,59.25
524,XLB,-4,-184.12
524,XLK,4,144.36
525,XLV,1,59.1
525,XLB,2,92.4
525,XLK,-3,-107.97
526,XLV,-2,-118.2
526,XLB,5,232.75
526,XLK,-3,-108.06
527,XLV,1,59.44
527,XLB,-8,-375.36
527,XLK,8,290.48
528,XLB,1,47.08
528,XLK,-177,-6433.95
528,XLU,158,6391.1
529,XLV,-1,-59.0
529,XLB,32,1503.04
529,XLU,135,5406.75
529,XLK,-190,-6832.400000000001
530,XLB,-28,-1335.88
530,XLU,32,1290.88
531,XLV,1,59.97
531,XLB,9,430.38
531,XLU,-11,-440.77
532,XLV,-1,-59.6
532,XLB,19,912.0
532,XLU,-22,-877.14
533,XLV,1,59.45
533,XLB,-1,-47.79
533,XLU,-1,-39.99
534,XLV,-1,-59.7
534,XLB,-13,-620.75
534,XLU,18,718.02
535,XLB,-5,-236.3
535,XLU,6,238.68
536,XLB,-12,-566.88
536,XLU,14,563.9200000000001
537,XLB,17,797.3
537,XLU,-19,-773.3000000000001
538,XLB,-11,-515.9
538,XLU,11,449.79
539,XLV,1,59.01
539,XLB,1,47.28
539,XLU,-1,-41.16
540,XLV,-1,-59.64
540,XLB,10,475.5
540,XLU,-12,-493.2000000000001
541,XLB,-14,-659.82
541,XLU,17,687.6500000000001
542,XLU,-1,-40.54
543,XLB,11,521.0699999999999
543,XLU,-12,-486.12
544,XLB,-1,-47.0
544,XLU,2,81.24
545,XLB,-15,-708.9
545,XLU,18,734.22
546,XLB,25,1164.5
546,XLU,-30,-1218.6
547,XLB,-25,-1161.25
547,XLU,28,1146.6
548,XLV,1,57.71
548,XLB,1,46.77
548,XLU,-2,-82.02
549,XLV,-1,-58.49
549,XLB,9,425.52
549,XLU,-10,-414.6
550,XLB,-10,-475.4
550,XLU,14,576.38
558,XLU,-1,-41.69
559,XLE,2,179.32
559,XLB,7,324.8
559,XLU,-12,-503.28
560,XLB,-7,-326.76
560,XLU,6,255.12
561,XLP,21,916.02
561,XLE,-1,-91.95
561,XLB,23,1089.51
561,XLU,-43,-1841.69
562,XLP,-19,-828.97
562,XLE,-1,-92.79
562,XLB,13,617.76
562,XLU,7,296.1
563,XLE,1,93.42
563,XLB,-25,-1188.25
563,XLU,26,1098.5
564,XLP,20,872.4
564,XLB,18,858.42
564,XLU,-43,-1818.04
565,XLP,-6,-261.48
565,XLB,14,667.8000000000001
565,XLU,-8,-338.72
566,XLP,13,568.49
566,XLB,-43,-2042.5
566,XLU,35,1491.6999999999998
567,XLP,-28,-1226.12
567,XLE,3,279.69
567,XLB,1,47.16
567,XLU,20,862.2
568,XLP,303,13419.87
568,XLE,-4,-373.56
568,XLB,16,751.36
568,XLU,-319,-13819.08
569,XLP,12,529.2
569,XLB,-10,-472.9
570,XLP,8,353.92
570,XLB,-7,-333.90000000000003
572,XLP,-12,-530.4000000000001
572,XLI,9,475.38
573,XLP,3,132.3
573,XLI,-2,-105.86
574,XLP,8,350.56
574,XLI,-7,-367.71
575,XLI,1,52.98
576,XLP,-5,-221.5
576,XLI,3,158.91
577,XLP,2,89.02
577,XLE,1,93.67
577,XLI,-4,-212.04
578,XLP,3,133.64999999999998
578,XLE,-1,-94.33
579,XLP,-2,-89.28
579,XLI,1,53.89
580,XLP,-1,-44.4
580,XLI,1,53.49
581,XLE,1,93.64
581,XLI,-1,-53.02
582,XLP,-6,-265.68
582,XLE,-1,-93.4
582,XLI,7,371.63
583,XLP,10,441.9
583,XLI,-8,-426.4
584,XLP,-1,-44.03
585,XLP,-11,-487.08
585,XLE,1,94.43
585,XLI,7,371.77
586,XLP,4,176.84
586,XLE,-1,-94.34
586,XLI,-1,-53.21
587,XLP,4,177.12
587,XLI,-4,-214.2
588,XLP,-6,-266.4
588,XLE,3,283.23
589,XLP,4,177.36
589,XLE,-3,-283.71
589,XLI,1,53.87
590,XLP,-6,-268.14
590,XLE,2,190.76
590,XLI,3,162.27
591,XLP,2,90.08
591,XLI,-2,-108.1
592,XLP,1,44.93
593,XLP,2,89.54
593,XLI,-2,-108.44
594,XLE,-1,-95.47
594,XLI,1,54.21
595,XLP,1,45.11
595,XLI,-1,-54.76
596,XLE,-1,-96.81
596,XLI,263,14546.53
596,XLP,-318,-14383.14
600,XLI,-259,-14066.29
600,XLK,370,14026.7
601,XLE,2,196.84
601,XLI,-6,-327.0
601,XLK,2,76.26
602,XLE,-2,-198.02
602,XLI,3,163.32
602,XLK,3,114.39
603,XLI,2,109.18
603,XLK,-4,-152.88
604,XLI,5,274.5
604,XLK,-6,-230.52
605,XLI,-10,-550.4
605,XLK,15,575.25
641,XLY,2,133.32
641,XLV,5,302.5
641,XLK,-13,-505.18
642,XLY,-2,-132.98
642,XLV,4,241.8
642,XLK,-3,-116.52
643,XLY,1,66.73
643,XLV,-9,-550.62
643,XLK,13,509.86
644,XLV,1,61.9
645,XLV,-1,-61.96
646,XLY,-1,-67.74
646,XLV,2,124.88
646,XLK,-2,-79.32
647,XLV,3,188.55
647,XLK,-4,-159.64
648,XLY,4,274.28
648,XLV,-5,-314.20000000000005
648,XLK,1,39.91
649,XLY,2,137.02
649,XLK,-3,-120.3
650,XLY,-6,-411.84
650,XLV,242,15243.58
650,XLK,-369,-14800.59
664,XLF,811,15403.386258
664,XLV,-242,-15442.02
665,XLF,-9,-170.86461300000002
665,XLV,3,190.92
666,XLY,3,205.26
666,XLF,-13,-247.860067
667,XLY,-3,-205.17
667,XLF,23,440.389303
667,XLV,-3,-193.68
668,XLF,2,38.66825
674,XLF,53,1002.329428
687,XLP,6,266.52
687,XLF,-21,-375.833955
687,XLU,2,85.42
688,XLP,-5,-220.45
688,XLF,1,17.896855
688,XLU,4,171.0
689,XLP,-1,-44.63
689,XLF,-23,-416.857037
689,XLU,11,473.0
690,XLP,2,90.54
690,XLF,13,236.987166
690,XLU,-7,-305.2
691,XLP,-2,-90.92
691,XLF,9,167.137461
691,XLU,-2,-87.5
692,XLF,19,349.605795
692,XLU,-8,-352.16
693,XLF,-19,-353.00003100000004
693,XLU,8,352.8
694,XLF,16,300.121488
694,XLU,-7,-311.71000000000004
695,XLP,2,92.04
695,XLF,-21,-394.421013
695,XLU,7,311.01
696,XLP,-2,-92.4
696,XLF,16,303.759312
696,XLU,-5,-223.7
697,XLF,-26,-494.875628
697,XLU,11,489.28
698,XLP,2,92.82
698,XLF,21,401.924061
698,XLU,-11,-500.06
699,XLP,1,46.71
699,XLF,2,38.71697
699,XLU,-2,-90.94
700,XLP,-1,-46.89
700,XLF,-5,-97.157835
700,XLU,3,137.31
701,XLP,-1,-47.14
701,XLF,8,155.517496
701,XLU,-2,-91.06
702,XLP,-1,-47.47
702,XLF,2,39.13922
702,XLU,1,46.56
703,XLP,1,47.57
703,XLF,-14,-274.42926
703,XLU,4,183.08
704,XLF,7,137.271477
704,XLU,-2,-92.5
705,XLF,-9,-177.441957
705,XLU,4,185.92
706,XLF,-2,-39.301622
707,XLP,2,95.72
707,XLF,17,333.373587
707,XLU,-9,-409.5
708,XLP,-2,-96.06
708,XLF,-17,-333.23553
708,XLU,9,406.17
709,XLP,2,95.52
709,XLF,4,78.148516
709,XLU,-3,-134.82
710,XLP,4,192.32
710,XLF,-33,-644.725257
710,XLI,7,393.61
711,XLP,24,1158.24
711,XLF,-71,-1391.74839
711,XLI,-6,-339.9
711,XLU,13,593.5799999999999
712,XLP,-24,-1163.04
712,XLF,-26,-508.59874
712,XLI,9,508.32
712,XLU,25,1140.5
713,XLP,21,1013.25
713,XLI,-10,-566.3000000000001
713,XLU,298,13564.96
713,XLF,-715,-13986.46535
714,XLP,1,48.45
714,XLI,1,57.18
714,XLU,-3,-137.10000000000002
715,XLP,-17,-823.14
715,XLI,-1,-57.33
715,XLU,19,861.08
716,XLP,4,193.84
716,XLU,-3,-135.96
717,XLP,-3,-146.04
717,XLU,3,136.56
718,XLP,-9,-443.7
718,XLI,1,56.91
718,XLU,9,414.0
719,XLP,-1,-48.975
720,XLP,14,688.1
720,XLI,-1,-56.66
720,XLU,-13,-603.1999999999999
721,XLP,-17,-829.5999999999999
721,XLU,17,786.59
722,XLP,11,536.36
722,XLI,1,57.13
722,XLU,-12,-554.76
723,XLP,1,48.85
723,XLU,-2,-91.74
724,XLP,-8,-390.0
724,XLU,9,416.16
725,XLP,6,291.54
725,XLU,-5,-232.35
726,XLP,-8,-385.04
726,XLI,-1,-55.56
726,XLU,8,367.12
727,XLU,4,185.4
727,XLP,-2,-97.06
729,XLU,-1,-45.52
730,XLU,1,45.48
731,XLY,1,69.82
731,XLI,3,165.60000000000002
731,XLK,128,5194.24
731,XLU,-121,-5601.09
732,XLY,1,70.97
732,XLI,1,56.59
732,XLK,-112,-4674.88
732,XLU,98,4625.6
733,XLY,3,212.61
733,XLI,-4,-226.36
733,XLK,95,3949.15
733,XLU,-85,-3983.1
734,XLY,-4,-286.24
734,XLI,2,114.26
734,XLK,-9,-378.63
734,XLU,11,516.78
735,XLY,-1,-71.96
735,XLI,3,172.02
735,XLK,-48,-2024.64
735,XLU,42,1978.2
736,XLY,2,143.68
736,XLI,1,57.4
736,XLK,358,15086.12
736,XLU,-318,-15254.46
737,XLY,-2,-144.46
737,XLI,-5,-287.0
737,XLK,11,465.52
738,XLY,8,582.24
738,XLI,1,57.49
738,XLK,-16,-673.76
739,XLY,-8,-579.52
739,XLI,9,514.35
739,XLK,3,125.43
740,XLY,5,360.75
740,XLI,-6,-339.48
740,XLK,-2,-82.7
741,XLY,-5,-358.15
741,XLI,-5,-282.55
741,XLK,16,660.32
742,XLY,1,70.26
742,XLI,1,55.19
742,XLK,-3,-121.92
743,XLY,5,347.8
743,XLI,2,109.02
743,XLK,-11,-441.65
744,XLY,-4,-282.64
744,XLI,1,54.92
744,XLK,4,161.96
745,XLI,5,280.1
745,XLK,-6,-248.28000000000003
746,XLY,-2,-141.78
746,XLK,17,701.25
746,XLI,-9,-498.78
761,XLY,242,17090.04
761,XLK,-425,-17131.75
775,XLY,-242,-18239.54
775,XLB,352,18258.24
784,XLB,1,50.46
797,XLB,-1,-48.52
809,XLB,-352,-17424.0
809,XLK,416,17455.36
832,XLV,244,18082.84
832,XLK,-416,-18075.2
844,XLV,-244,-18239.0
849,XLF,909,18231.64938
860,XLF,-13,-263.483272
860,XLV,3,227.04
861,XLF,-2,-40.292284
861,XLV,-2,-152.2
861,XLB,4,198.32
862,XLF,-31,-626.5441930000001
862,XLB,13,642.07
863,XLF,46,907.299078
863,XLV,-1,-74.13
863,XLB,-17,-820.08
872,XLY,2,157.58
872,XLF,-15,-303.77556
872,XLV,1,75.92
873,XLF,-18,-365.40765
873,XLV,5,383.4
875,XLY,2,158.58
875,XLF,7,144.717671
875,XLV,-4,-308.56
876,XLY,-4,-316.6
876,XLF,5,103.08556
876,XLV,3,230.91
877,XLY,6,475.14
877,XLF,-9,-185.773248
877,XLV,-4,-308.88
878,XLY,-6,-473.64
878,XLF,29,597.896248
878,XLV,-1,-76.88
879,XLY,9,713.8799999999999
879,XLF,-38,-789.31301
879,XLV,1,77.05
880,XLY,-4,-315.4
880,XLF,5,102.963755
880,XLV,2,153.54
881,XLY,1,78.85
881,XLF,-6,-122.387202
881,XLV,1,74.85
882,XLY,-4,-313.04
882,XLF,22,445.537488
882,XLV,-2,-149.56
883,XLY,1,78.87
883,XLP,39,1958.19
883,XLF,-109,-2216.286754
883,XLV,2,152.26
884,XLY,-2,-159.36
884,XLP,24,1209.12
884,XLF,-36,-739.29276
884,XLV,-4,-305.04
885,XLY,2,159.94
885,XLP,22,1104.62
885,XLF,-62,-1273.22642
886,XLY,8,641.76
886,XLP,-75,-3773.25
886,XLF,137,2804.5200130000003
886,XLV,5,382.9500000000001
887,XLY,8,639.6
887,XLP,-7,-352.66
887,XLF,4,81.786352
887,XLV,-5,-382.65
888,XLY,-19,-1525.5100000000002
888,XLF,24,489.938568
888,XLV,14,1070.86
889,XLY,4,317.68
889,XLP,27,1372.14
889,XLF,-49,-1004.270141
889,XLV,-11,-848.43
890,XLY,-4,-313.36
890,XLP,46,2320.24
890,XLF,-88,-1797.156064
890,XLV,-2,-150.9
891,XLY,5,391.4
891,XLP,-76,-3812.16
891,XLF,147,3008.035716
891,XLV,6,451.92
892,XLY,6,473.46
892,XLP,13,654.5500000000001
892,XLF,-53,-1094.858736
892,XLV,-1,-75.93
893,XLY,-4,-312.8
893,XLP,23,1153.91
893,XLF,-28,-573.1865720000001
893,XLV,-3,-225.87
894,XLY,-5,-389.3
894,XLP,3,150.60000000000002
894,XLF,10,202.84185
895,XLY,4,313.24
895,XLP,-32,-1600.0
895,XLF,75,1526.79495
895,XLV,-3,-225.51
896,XLY,-1,-78.36
896,XLP,54,2708.64
896,XLF,-134,-2747.459486
896,XLV,2,150.76
897,XLY,5,395.55
897,XLP,-52,-2610.92
897,XLF,91,1869.50673
897,XLV,5,380.7
898,XLY,-4,-316.72
898,XLP,11,549.5600000000001
898,XLF,-16,-328.44464
899,XLY,-2,-158.08
899,XLP,-2,-99.0
899,XLF,28,569.548728
899,XLV,-4,-302.88
900,XLY,-4,-307.28
900,XLP,8,392.4
900,XLF,-1,-19.910657
900,XLV,-1,-73.96
901,XLY,1,74.36
901,XLP,17,811.07
901,XLF,-174,-3340.118268
901,XLV,1,71.7
901,XLU,54,2432.7
902,XLY,-1,-71.39
902,XLP,11,506.55
902,XLF,-73,-1342.629505
902,XLV,4,274.6
902,XLU,14,607.18
903,XLP,78,3564.6000000000004
903,XLV,-7,-475.72
903,XLU,179,7523.37
903,XLF,-584,-10589.28656
904,XLP,5,235.25
904,XLV,1,70.83
904,XLU,-8,-342.24
905,XLY,2,151.06
905,XLP,40,1909.6
905,XLU,-49,-2120.7200000000003
906,XLY,-2,-151.12
906,XLP,13,619.32
906,XLV,-1,-71.8
906,XLU,-7,-302.05
907,XLY,5,374.9
907,XLP,-103,-4872.93
907,XLU,104,4415.84
908,XLY,-3,-219.24
908,XLP,95,4402.3
908,XLV,1,68.64
908,XLU,-101,-4172.31
909,XLP,-36,-1690.92
909,XLV,2,140.1
909,XLU,37,1529.5800000000002
910,XLY,-2,-149.3
910,XLP,55,2600.95
910,XLV,-2,-139.1
910,XLU,-56,-2325.6800000000003
911,XLY,3,221.55
911,XLP,-10,-465.2000000000001
911,XLV,-1,-68.68
911,XLU,7,286.72
912,XLY,-3,-226.68
912,XLP,19,902.31
912,XLU,-13,-543.79
913,XLP,-33,-1541.43
913,XLU,36,1487.16
914,XLP,15,701.85
914,XLU,-16,-659.84
915,XLP,29,1365.9
915,XLU,-33,-1371.15
916,XLP,-61,-2863.9500000000003
916,XLU,68,2832.2
917,XLP,5,237.55
917,XLU,-5,-209.35
918,XLP,1,48.05
918,XLU,-1,-42.29
919,XLP,-166,-7976.299999999999
919,XLK,260,10600.2
919,XLU,-61,-2615.07
920,XLK,-49,-1962.94
920,XLU,46,1942.58
921,XLK,22,890.12
921,XLU,-21,-890.4
922,XLK,6,238.68
922,XLU,-6,-251.22
923,XLK,1,39.88
923,XLU,-1,-41.98
924,XLK,2,79.76
924,XLU,-1,-42.32
925,XLK,-31,-1234.11
925,XLU,29,1239.1699999999998
926,XLK,-18,-700.1999999999999
926,XLU,39,1658.2800000000002
927,XLK,-29,-1123.1699999999998
927,XLU,27,1148.31
928,XLK,-11,-434.5
928,XLU,10,432.9
929,XLK,-25,-988.0
929,XLU,23,983.94
930,XLK,45,1803.6
930,XLU,-41,-1777.35
931,XLK,-20,-817.4
931,XLU,18,790.3799999999999
932,XLK,-10,-409.2000000000001
932,XLU,10,436.1
933,XLK,27,1109.97
933,XLU,-26,-1129.96
934,XLK,31,1280.3
934,XLU,-29,-1276.0
935,XLK,-26,-1078.48
935,XLU,25,1094.75
936,XLK,1,41.53
936,XLU,-2,-88.36
937,XLK,-28,-1160.32
937,XLU,27,1190.16
938,XLK,21,868.56
938,XLU,-20,-881.4
939,XLK,3,125.67
939,XLU,-3,-134.16
940,XLK,-22,-923.34
940,XLU,21,940.38
941,XLK,-24,-1011.12
941,XLU,22,985.82
942,XLK,-4,-168.08
942,XLU,4,179.84
943,XLK,-6,-250.2
943,XLU,6,269.22
945,XLK,312,13674.96
945,XLU,-306,-13644.54
955,XLK,-2,-88.68
956,XLE,1,69.11
957,XLI,4,217.72
957,XLK,-7,-305.34
958,XLE,7,474.53
958,XLI,-4,-218.0
958,XLK,-6,-261.6
959,XLE,3,198.75
959,XLI,3,161.28
959,XLK,-6,-259.32
960,XLE,-8,-527.84
960,XLI,3,160.56
960,XLK,8,338.96
961,XLE,6,409.08
961,XLI,-4,-216.84
961,XLK,-5,-215.1
962,XLE,-7,-472.0100000000001
962,XLI,-1,-54.1
962,XLK,13,559.39
963,XLE,-2,-137.08
963,XLK,5,218.4
963,XLI,-1,-54.85
969,XLE,277,18772.29
969,XLK,-428,-18793.48
974,XLE,-277,-17921.9
974,XLB,391,17915.62
985,XLF,874,16699.308240000002
985,XLB,-391,-16676.149999999998
1000,XLV,233,15389.65
1000,XLF,-874,-15414.745866
1002,XLP,323,15600.9
1002,XLV,-233,-15580.71
1004,XLP,-287,-13853.490000000002
1004,XLU,320,13782.4
1005,XLP,16,775.36
1005,XLU,-17,-731.51
1006,XLP,12,591.48
1006,XLU,-14,-613.1999999999999
1007,XLP,-18,-879.3000000000001
1007,XLU,20,868.6
1008,XLP,22,1084.38
1008,XLU,-24,-1049.52
1009,XLP,-37,-1822.25
1009,XLU,42,1840.86
1010,XLP,8,398.0
1010,XLU,-10,-445.3
1011,XLP,-25,-1269.0
1011,XLU,28,1271.76
1012,XLP,37,1884.41
1012,XLU,-41,-1879.85
1013,XLP,-6,-301.68
1013,XLU,5,230.25
1014,XLP,-41,-2056.9700000000003
1014,XLV,1,66.04
1014,XLU,45,2097.9
1015,XLP,15,745.65
1015,XLU,-17,-789.14
1016,XLP,5,248.15
1016,XLV,-1,-64.4
1016,XLU,-3,-139.71
1017,XLP,14,693.0
1017,XLU,-16,-742.56
1018,XLP,-33,-1644.39
1018,XLV,1,63.9908
1018,XLU,34,1583.38
1019,XLP,1,49.77
1019,XLV,-1,-64.56
1019,XLU,1,46.52
1020,XLP,-6,-296.22
1020,XLU,5,228.5
1021,XLP,35,1752.45
1021,XLU,-39,-1776.84
1022,XLP,-26,-1312.22
1022,XLU,30,1375.5
1023,XLU,-1,-45.76
1024,XLP,28,1421.28
1024,XLU,-29,-1348.79
1025,XLP,-33,-1677.72
1025,XLU,36,1663.2
1026,XLP,9,459.81000000000006
1026,XLU,-11,-514.14
1027,XLP,-7,-357.56
1027,XLU,9,421.02
1028,XLP,-6,-307.44
1028,XLU,7,329.0
1033,XLP,23,1185.88
1033,XLU,-27,-1250.37
1034,XLP,-22,-1140.04
1034,XLI,3,160.68
1034,XLU,22,1024.98
1035,XLI,-1,-53.78
1036,XLP,16,827.52
1036,XLI,-1,-53.94
1036,XLU,-16,-757.92
1037,XLP,-5,-259.35
1037,XLI,-1,-53.18
1037,XLU,6,287.04
1038,XLP,-12,-627.12
1038,XLI,3,160.05
1038,XLU,11,528.6600000000001
1039,XLP,3,156.84
1039,XLI,-1,-53.27
1039,XLU,-3,-144.29760000000002
1040,XLP,5,262.25
1040,XLU,-5,-240.75
1042,XLP,1,52.55
1042,XLI,-1,-54.06
1043,XLP,1,52.67
1043,XLI,-1,-54.25
1043,XLU,1,49.04
1044,XLP,-6,-317.94
1044,XLE,5,318.8025
1044,XLI,1,55.44
1044,XLU,-2,-98.62
1045,XLP,59,3106.35
1045,XLE,-4,-253.96
1045,XLI,9,500.67
1045,XLK,22,958.98
1045,XLU,-90,-4376.7
1046,XLP,-53,-2792.04
1046,XLE,4,253.08
1046,XLI,-8,-447.68
1046,XLK,40,1749.6
1046,XLU,26,1263.08
1047,XLP,9,471.33
1047,XLI,-1,-55.64
1047,XLK,60,2625.0
1047,XLU,-62,-3002.04
1048,XLP,60,3142.8
1048,XLE,8,492.32
1048,XLI,2,110.56
1048,XLB,8,356.4
1048,XLK,-64,-2784.0
1048,XLU,-28,-1365.84
1049,XLP,-67,-3505.44
1049,XLE,-1,-61.84
1049,XLI,-1,-55.12
1049,XLB,12,534.5999999999999
1049,XLK,39,1701.1799999999998
1049,XLU,27,1320.57
1050,XLP,28,1472.8
1050,XLE,14,861.14
1050,XLI,3,165.42000000000002
1050,XLB,-16,-715.84
1050,XLK,-22,-957.22
1050,XLU,-17,-828.41
1051,XLP,-23,-1218.77
1051,XLE,-23,-1421.4
1051,XLI,1,55.5
1051,XLB,8,359.92
1051,XLK,70,3093.3
1051,XLU,-17,-840.6500000000001
1052,XLE,2,123.8384
1052,XLI,10,556.0
1052,XLB,-7,-316.33
1052,XLK,-85,-3778.250000000001
1052,XLU,88,4341.04
1052,XLP,-17,-906.78
1053,XLE,20,1237.8
1053,XLI,-14,-776.5799999999999
1053,XLB,-3,-134.43
1053,XLK,300,13308.0
1053,XLU,-274,-13595.88
1054,XLE,-10,-610.6
1054,XLI,23,1281.79
1054,XLK,-15,-670.5
1055,XLE,-14,-848.5288
1055,XLI,-16,-881.6
1055,XLB,6,267.9
1055,XLK,32,1424.96
1056,XLE,1,60.2
1056,XLI,-9,-492.84
1056,XLB,44,1952.28
1056,XLK,-34,-1499.4
1057,XLE,5,307.5
1057,XLI,13,715.39
1057,XLB,-37,-1660.5600000000002
1057,XLK,14,623.4200000000001
1058,XLE,-4,-244.56
1058,XLI,-13,-708.5
1058,XLB,42,1857.66
1058,XLK,-19,-833.91
1059,XLE,20,1247.4
1059,XLB,-50,-2226.0
1059,XLK,20,877.8
1060,XLE,-3,-186.33
1060,XLI,5,273.65
1060,XLB,15,670.8
1060,XLK,-17,-744.09
1061,XLE,-14,-895.44
1061,XLI,-1,-55.05
1061,XLB,6,272.04
1061,XLK,16,705.12
1062,XLE,7,449.8200000000001
1062,XLB,-21,-961.59
1062,XLK,12,534.24
1063,XLE,-2,-128.82
1063,XLI,-3,-167.91
1063,XLB,39,1786.98
1063,XLK,-33,-1468.83
1064,XLE,8,508.3136
1064,XLI,3,168.14999999999998
1064,XLB,-35,-1611.05
1064,XLK,20,886.8000000000001
1065,XLE,8,516.72
1065,XLI,-3,-168.3
1065,XLB,17,786.08
1065,XLK,-26,-1157.78
1066,XLE,-10,-658.8
1066,XLI,3,169.5
1066,XLB,-17,-802.91
1066,XLK,30,1328.4
1067,XLE,4,265.88
1067,XLI,9,507.69
1067,XLB,-9,-423.81000000000006
1067,XLK,-8,-354.96
1068,XLE,-2,-132.16
1068,XLI,-9,-506.43
1068,XLB,9,421.92
1068,XLK,5,221.05
1069,XLY,1,79.46
1069,XLI,4,225.64
1069,XLB,87,4107.27
1069,XLK,-103,-4474.32
1070,XLY,-1,-79.55
1070,XLE,-13,-861.7700000000001
1070,XLI,21,1178.94
1070,XLB,-7,-329.35
1070,XLK,2,86.9
1071,XLY,11,877.14
1071,XLE,-3,-202.05
1071,XLI,-28,-1585.92
1071,XLB,-30,-1422.9
1071,XLK,54,2334.96
1072,XLY,-7,-557.62
1072,XLE,34,2333.42
1072,XLI,21,1197.84
1072,XLB,-61,-2917.63
1072,XLK,-2,-86.08
1073,XLY,-4,-315.2
1073,XLE,-37,-2501.57
1073,XLI,17,960.33
1073,XLB,73,3458.74
1073,XLK,-35,-1487.5
1074,XLY,3,237.6
1074,XLE,39,2632.5
1074,XLI,-37,-2077.92
1074,XLB,-43,-2025.3
1074,XLK,29,1221.77
1075,XLY,-2,-160.62
1075,XLE,-25,-1685.7500000000002
1075,XLI,12,677.4000000000001
1075,XLB,73,3450.71
1075,XLK,-56,-2376.64
1076,XLE,-3,-197.52
1076,XLI,-12,-671.88
1076,XLB,22,1022.78
1076,XLK,-4,-168.2
1077,XLE,-9,-584.01
1077,XLI,8,442.4
1077,XLB,-102,-4694.04
1077,XLK,117,4904.64
1078,XLY,5,393.5
1078,XLE,37,2420.54
1078,XLI,-4,-221.08
1078,XLB,-1,-45.79
1078,XLK,-60,-2516.4
1079,XLY,4,317.12
1079,XLE,-34,-2219.18
1079,XLF,678,12734.164134
1079,XLB,27,1246.32
1079,XLK,-279,-11787.75
1079,XLI,-6,-333.84000000000003
1080,XLY,-4,-318.0
1080,XLF,64,1198.926848
1080,XLB,-2,-91.2
1080,XLK,-18,-760.5
1081,XLY,-4,-322.08
1081,XLE,18,1178.1
1081,XLF,-26,-494.031148
1081,XLB,-6,-278.16
1081,XLK,-2,-85.6
1082,XLY,-2,-157.8
1082,XLE,-6,-393.9
1082,XLF,-155,-2913.72007
1082,XLB,-20,-924.0
1082,XLK,103,4376.47
1083,XLY,9,711.4499999999999
1083,XLE,-13,-855.8004
1083,XLF,269,5058.898466000001
1083,XLB,-11,-510.4
1083,XLK,-103,-4364.11
1084,XLY,-9,-702.99
1084,XLE,-4,-259.96
1084,XLF,7,130.05264300000002
1084,XLB,18,827.1
1085,XLY,12,943.2
1085,XLE,3,198.27
1085,XLF,-75,-1400.729325
1085,XLB,6,280.44
1086,XLY,-10,-777.0999999999999
1086,XLE,18,1195.2
1086,XLF,55,1021.395595
1086,XLB,-30,-1395.0
1087,XLY,-2,-154.52
1087,XLE,-15,-986.4
1087,XLF,-114,-2154.102504
1087,XLB,69,3159.51
1088,XLY,2,154.38
1088,XLF,179,3350.3415680000003
1088,XLB,-65,-2986.75
1088,XLE,-6,-394.62
1089,XLY,-1,-77.7
1089,XLF,-16,-301.55064
1089,XLB,8,370.24
1090,XLF,24,451.93617599999993
1090,XLB,-9,-421.38
1091,XLF,22,420.52736
1091,XLY,-1,-78.36
1091,XLB,-7,-329.91
1097,XLF,-1,-19.366605
1098,XLF,1,19.09052
1114,XLU,311,15870.33
1114,XLF,-912,-15885.00168
1118,XLP,11,603.79
1118,XLU,-12,-629.76
1119,XLP,1,55.2
1119,XLU,-1,-52.87
1120,XLP,-8,-442.0
1120,XLU,9,476.82
1121,XLP,1,55.1408
1121,XLV,2,145.58
1121,XLU,-5,-260.0
1122,XLP,-1,-55.69
1122,XLV,-2,-147.38
1122,XLU,4,210.16
1123,XLP,-3,-167.10000000000002
1123,XLV,2,146.98
1124,XLP,-1,-55.4
1124,XLV,-2,-147.7
1124,XLU,4,207.12
1125,XLP,11,612.8100000000001
1125,XLU,-12,-626.28
1126,XLP,-10,-557.0
1126,XLV,1,74.14
1126,XLU,10,518.5
1127,XLP,1,55.7
1127,XLV,-1,-74.08
1128,XLP,6,333.84000000000003
1128,XLV,1,74.11
1128,XLU,-8,-417.2
1129,XLP,9,500.4
1129,XLV,-1,-73.95
1129,XLU,-8,-416.48
1130,XLP,-16,-886.4
1130,XLV,1,74.62
1130,XLU,16,828.16
1131,XLP,9,497.16
1131,XLV,-1,-74.84
1131,XLU,-8,-416.56
1132,XLP,-6,-333.0
1132,XLV,1,74.99
1132,XLU,5,263.8
1133,XLP,6,332.64
1133,XLU,-7,-368.69
1134,XLP,-10,-550.1
1134,XLV,1,74.78
1134,XLK,77,3531.99
1134,XLU,-59,-3080.39
1135,XLK,-38,-1757.5
1135,XLU,38,1961.18
1135,XLV,-2,-150.24
1136,XLK,40,1851.2
1136,XLU,-36,-1865.16
1137,XLK,8,371.6
1137,XLU,-7,-364.84
1138,XLK,-30,-1396.2
1138,XLU,27,1408.05
1139,XLK,1,46.19
1139,XLU,-1,-51.81
1140,XLK,30,1390.5
1140,XLU,-27,-1390.5
1141,XLK,-6,-279.6
1141,XLU,5,257.35
1142,XLK,5,235.25
1142,XLU,-4,-202.92
1143,XLK,36,1693.44
1143,XLU,-34,-1724.14
1144,XLK,4,188.56
1144,XLU,-3,-152.10000000000002
1145,XLK,15,704.85
1145,XLU,-15,-760.65
1146,XLK,-20,-943.2
1146,XLU,20,1016.6
1147,XLK,15,706.65
1147,XLU,-14,-712.6
1148,XLK,-10,-473.4
1148,XLU,10,501.2
1149,XLK,34,1597.66
1149,XLU,-34,-1684.02
1150,XLK,15,704.55
1150,XLU,-13,-653.51
1151,XLK,-28,-1315.72
1151,XLU,26,1323.14
1152,XLK,-24,-1128.48
1152,XLU,22,1105.94
1153,XLK,25,1175.5
1153,XLU,-23,-1159.2
1154,XLK,-5,-235.95
1154,XLU,5,250.9
1155,XLK,14,657.02
1155,XLU,-13,-652.0799999999999
1156,XLK,-7,-329.21000000000004
1156,XLU,6,301.14
1157,XLK,182,8563.1
1157,XLU,-174,-8552.1
1168,XLF,796,15435.208936
1168,XLK,-331,-15421.29
1169,XLF,3,58.026735
1169,XLK,-2,-93.62
1170,XLF,-25,-486.398175
1170,XLI,2,114.8
1170,XLK,8,380.64
1171,XLF,1,19.179842
1171,XLI,1,56.61
1171,XLK,-2,-94.42
1172,XLF,13,251.03
1172,XLI,-1,-56.86
1172,XLK,-4,-188.48
1173,XLF,7,135.24
1173,XLI,-1,-56.91
1173,XLK,-1,-47.09
1174,XLF,-10,-194.4
1174,XLI,-1,-57.65
1174,XLK,5,238.1
1175,XLF,-13,-253.24
1175,XLK,4,191.64
1176,XLF,25,484.5
1176,XLK,-10,-474.9
1177,XLF,4,76.28
1178,XLF,52,999.44
1180,XLF,1,19.04
1182,XLF,-1,-19.21
1183,XLF,1,19.29
1188,XLF,-1,-19.54
1189,XLF,1,19.52
1200,XLF,-1,-19.86
1201,XLF,1,19.77
1208,XLF,-1,-19.99
1210,XLF,1,21.61
1211,XLF,-2,-43.34
1212,XLF,1,22.2
1214,XLF,1,21.86
1216,XLE,266,18920.58
1216,XLF,-854,-18924.64
1226,XLE,-259,-19551.91
1226,XLI,71,4455.96
1226,XLB,298,15010.259999999998
1227,XLE,3,226.05
1227,XLI,-16,-1006.08
1227,XLB,14,706.02
1228,XLY,5,420.6
1228,XLE,-7,-531.65
1228,XLI,-15,-960.75
1228,XLB,22,1125.3
1229,XLY,-3,-252.36
1229,XLE,-2,-152.72
1229,XLI,27,1719.63
1229,XLB,-26,-1338.74
1230,XLY,6,505.86
1230,XLE,12,919.2
1230,XLI,-59,-3774.82
1230,XLB,45,2317.5
1231,XLY,-6,-501.66
1231,XLE,4,307.84
1231,XLI,76,4845.0
1231,XLB,-89,-4563.030000000001
1232,XLY,3,253.08
1232,XLE,-11,-856.13
1232,XLI,-60,-3819.6
1232,XLB,86,4402.34
1233,XLY,-1,-83.79
1233,XLE,-2,-152.54
1233,XLI,2,126.04
1234,XLY,14,1170.26
1234,XLE,12,917.28
1234,XLF,710,16805.7
1234,XLI,-23,-1451.0700000000002
1234,XLB,-341,-17360.309999999998
1235,XLY,-6,-496.14
1235,XLE,-16,-1224.16
1235,XLF,-11,-256.96
1235,XLI,-2,-125.16
1235,XLB,41,2067.2200000000003
1236,XLE,7,533.12
1236,XLF,-34,-794.58
1236,XLI,29,1824.97
1236,XLB,-30,-1509.6
1237,XLY,-10,-835.6999999999999
1237,XLE,37,2811.63
1237,XLF,-64,-1514.24
1237,XLI,7,443.03
1237,XLB,-19,-956.84
1238,XLY,4,334.12
1238,XLE,-14,-1065.54
1238,XLF,51,1203.6
1238,XLI,-34,-2143.7
1238,XLB,34,1712.92
1239,XLY,-3,-247.89
1239,XLF,92,2165.68
1239,XLI,30,1887.9
1239,XLB,-29,-1454.93
1239,XLE,-30,-2292.6
1240,XLY,-2,-164.9
1240,XLF,21,495.18
1240,XLI,-2,-125.98
1240,XLB,-5,-251.35
1241,XLY,-1,-82.77
1241,XLI,-21,-1325.52
1241,XLB,386,19508.44
1241,XLF,-765,-18061.65
1242,XLI,3,187.38
1242,XLB,-4,-200.12
1243,XLY,1,82.09
1243,XLI,-5,-312.2
1243,XLB,6,300.18
1244,XLY,-1,-81.4
1244,XLI,-5,-311.1
1244,XLB,6,298.20000000000005
1245,XLI,5,312.95000000000005
1245,XLB,-6,-299.94
1246,XLI,-4,-251.84
1246,XLB,5,253.6
1247,XLI,-4,-251.12
1247,XLB,6,303.42
1250,XLY,1,83.55
1250,XLI,14,880.74
1250,XLB,-19,-962.16
1251,XLY,1,83.73
1251,XLI,4,252.96
1251,XLB,-6,-306.29999999999995
1252,XLY,-2,-167.3
1252,XLI,-15,-944.7
1252,XLB,21,1069.95
1253,XLY,1,83.96
1253,XLI,-3,-189.66
1253,XLB,1,50.87
1254,XLY,-1,-84.1
1254,XLI,3,188.19
1254,XLB,-2,-101.28
1255,XLI,-3,-188.91
1255,XLB,4,203.84
1256,XLY,1,83.69
1256,XLB,-2,-101.28
1257,XLI,12,761.28
1257,XLB,-14,-715.26
1258,XLI,-10,-630.9000000000001
1258,XLB,12,614.28
1259,XLI,10,637.2
1259,XLB,-12,-630.12
1260,XLI,-9,-579.51
1260,XLB,11,581.46
1261,XLI,-2,-129.08
1261,XLB,2,106.0
1262,XLY,-1,-85.06
1262,XLI,13,838.3699999999999
1262,XLB,-14,-739.34
1263,XLY,1,84.96
1263,XLI,-14,-895.16
1263,XLB,14,731.7800000000001
1264,XLY,-1,-84.83
1264,XLB,3,155.88
1265,XLB,1,52.22
1269,XLB,-300,-15459.0
1269,XLK,303,15428.76
1270,XLB,7,361.55
1270,XLK,-7,-357.07
1271,XLB,3,154.89
1271,XLK,-3,-153.51
1272,XLB,-2,-104.2
1272,XLK,3,153.96
1273,XLB,8,420.24
1273,XLK,-10,-515.5
1274,XLB,8,420.16
1274,XLK,-7,-362.04
1275,XLK,126,6538.14
1275,XLB,-124,-6503.8
1285,XLP,5,276.75
1285,XLK,-7,-369.18
1286,XLP,8,441.12
1286,XLK,-7,-370.02
1287,XLP,-7,-384.3
1287,XLV,2,151.02
1287,XLK,3,158.34
1288,XLP,1,54.83
1288,XLV,-2,-149.96
1288,XLK,1,52.78
1289,XLP,7,382.97
1289,XLV,1,75.28
1289,XLK,-7,-369.88
1290,XLP,26,1424.8
1290,XLV,-1,-75.69
1290,XLK,-26,-1373.58
1291,XLP,-35,-1926.75
1291,XLK,37,1965.07
1293,XLP,-4,-219.72
1293,XLK,3,159.12
1294,XLP,9,498.06000000000006
1294,XLK,-9,-480.6
1295,XLP,-1,-55.42
1295,XLK,1,53.43
1296,XLP,17,934.66
1296,XLK,-17,-906.78
1297,XLP,-8,-440.6168
1297,XLK,8,426.9648
1298,XLP,-16,-880.64
1298,XLK,-162,-8522.82
1298,XLU,182,9393.02
1299,XLP,-1,-54.93
1299,XLK,-109,-5770.46
1299,XLU,112,5808.32
1300,XLP,-1,-54.81
1300,XLV,2,148.5
1300,XLK,79,4171.2
1300,XLU,-82,-4239.400000000001
1301,XLP,10,547.0
1301,XLV,-1,-74.29
1301,XLK,-71,-3751.64
1301,XLU,63,3269.07
1302,XLP,-6,-327.9
1302,XLV,-1,-74.49
1302,XLK,51,2694.84
1302,XLU,-44,-2274.36
1303,XLP,3,164.25
1303,XLK,-9,-478.98
1303,XLU,5,258.25
1304,XLP,-7,-383.95
1304,XLV,1,74.56
1304,XLK,-17,-906.27
1304,XLU,24,1236.24
1305,XLP,14,766.36
1305,XLV,-1,-74.57
1305,XLK,42,2243.22
1305,XLU,-57,-2913.27
1306,XLP,-13,-709.54
1306,XLK,-35,-1865.85
1306,XLU,49,2514.19
1307,XLK,37,1970.62
1307,XLU,-37,-1898.1
1308,XLK,-1,-53.3
1308,XLU,-1,-51.46
1309,XLP,5,272.75
1309,XLK,-37,-1963.96
1309,XLU,34,1759.5
1310,XLP,11,600.05
1310,XLK,-14,-743.26
1310,XLU,4,206.48
1311,XLP,-14,-765.8000000000001
1311,XLK,57,3024.42
1311,XLU,-45,-2313.0
1312,XLV,1,74.27
1312,XLK,-88,-4660.4800000000005
1312,XLU,89,4582.610000000001
1313,XLP,13,713.44
1313,XLV,-1,-74.17
1313,XLK,85,4484.599999999999
1313,XLU,-100,-5147.0
1314,XLP,-9,-495.81000000000006
1314,XLK,-100,-5258.0
1314,XLU,111,5755.35
1315,XLY,1,86.55
1315,XLP,25,1371.0
1315,XLV,3,221.94
1315,XLK,106,5551.219999999999
1315,XLU,-141,-7286.88
1316,XLP,42,2319.66
1316,XLV,2,148.5
1316,XLK,-33,-1744.05
1316,XLU,-12,-622.92
1317,XLY,-1,-87.45
1317,XLP,-14,-776.7199999999999
1317,XLV,-5,-367.2
1317,XLK,-66,-3487.44
1317,XLU,90,4682.7
1318,XLY,2,175.06
1318,XLP,54,2984.5800000000004
1318,XLV,2,147.32
1318,XLU,37,1911.79
1318,XLK,-100,-5280.0
1319,XLY,-2,-176.9
1319,XLP,26,1434.16
1319,XLV,1,74.12
1319,XLU,-26,-1338.22
1320,XLY,2,176.5
1320,XLP,-96,-5280.0
1320,XLV,4,294.72
1320,XLU,94,4862.62
1321,XLY,-1,-88.82
1321,XLP,24,1332.0
1321,XLV,-6,-446.46
1321,XLU,-16,-832.0
1322,XLY,2,179.04
1322,XLP,-5,-278.6
1322,XLV,3,224.19
1322,XLU,-1,-51.93
1323,XLY,-2,-179.88
1323,XLV,-4,-300.56
1323,XLU,76,3934.52
1323,XLP,-63,-3482.01
1324,XLY,-1,-90.42
1324,XLV,12,903.6
1324,XLU,-16,-831.2
1325,XLU,19,982.3
1325,XLV,-12,-906.0
1326,XLU,1,51.39
1334,XLU,-1,-51.48
1335,XLU,1,51.73
1337,XLY,237,21232.83
1337,XLU,-412,-21246.84
1348,XLY,-237,-21782.67
1348,XLI,320,21740.8
1349,XLI,1,68.21
1350,XLI,-1,-67.97
1354,XLI,1,67.91
1355,XLI,-1,-68.16
1363,XLI,1,67.76
1375,XLI,-1,-68.8
1376,XLI,-316,-21860.88
1376,XLB,396,21791.88
1377,XLI,-3,-207.39
1377,XLB,5,274.85
1378,XLF,796,19836.32
1378,XLV,1,80.13
1378,XLB,-361,-19945.25
1379,XLF,41,1018.44
1379,XLI,17,1179.63
1379,XLB,-40,-2214.4
1380,XLF,-87,-2157.6
1380,XLV,21,1677.9
1380,XLI,-14,-969.22
1380,XLB,27,1488.51
1381,XLF,74,1835.94
1381,XLV,-7,-563.85
1381,XLI,-4,-277.2
1381,XLB,-18,-1001.88
1382,XLF,-19,-471.2
1382,XLV,-8,-648.64
1382,XLI,14,964.74
1382,XLB,2,110.5
1383,XLF,21,520.8000000000001
1383,XLV,5,404.95
1383,XLI,-6,-412.68
1383,XLB,-10,-552.6
1384,XLF,5,124.55
1384,XLV,-12,-971.52
1384,XLI,13,892.1899999999999
1385,XLF,-35,-882.6999999999999
1385,XLI,-12,-822.48
1385,XLB,31,1729.8
1386,XLF,-50,-1252.5
1386,XLI,30,2058.9
1386,XLB,-14,-776.44
1387,XLF,56,1394.96
1387,XLV,16,1272.96
1387,XLI,-37,-2524.88
1387,XLB,-4,-221.04
1388,XLF,-48,-1195.68
1388,XLV,-7,-559.7199999999999
1388,XLI,4,273.6
1388,XLB,27,1486.62
1389,XLF,85,2132.65
1389,XLV,-9,-719.01
1389,XLI,8,546.48
1389,XLB,-36,-1967.04
1390,XLF,-120,-3032.4
1390,XLV,2,159.42
1390,XLI,-7,-476.77
1390,XLB,62,3390.16
1391,XLF,156,3948.36
1391,XLV,1,79.53
1391,XLI,-7,-478.87
1391,XLB,-65,-3557.45
1392,XLF,-114,-2875.08
1392,XLV,-1,-79.66
1392,XLI,20,1375.0
1392,XLB,28,1520.96
1393,XLF,31,787.09
1393,XLV,1,79.48
1393,XLI,-10,-688.8
1393,XLB,-3,-163.74
1394,XLF,-85,-2154.75
1394,XLV,3,238.95
1394,XLI,-8,-551.04
1394,XLB,45,2457.45
1395,XLF,99,2502.7200000000003
1395,XLV,-2,-158.56
1395,XLI,14,961.38
1395,XLB,-60,-3250.8
1396,XLF,72,1820.16
1396,XLV,-4,-317.48
1396,XLB,-7,-379.61
1396,XLI,-16,-1099.04
1397,XLF,-24,-595.92
1397,XLV,1,78.38
1397,XLB,10,536.1
1398,XLF,2,49.46
1398,XLB,-1,-53.48
1399,XLF,1,25.07
1399,XLV,4,316.52
1399,XLB,-6,-323.88
1400,XLF,8,200.72
1400,XLV,-3,-237.39
1401,XLF,6,150.24
1401,XLV,-1,-79.35
1402,XLF,-11,-270.71
1402,XLV,-1,-78.36
1402,XLB,6,322.14
1403,XLF,18,443.16
1403,XLB,-9,-483.39
1404,XLF,-4,-98.2
1404,XLB,1,53.76
1405,XLF,6,148.92000000000002
1405,XLB,-1,-54.46
1406,XLV,2,157.4
1406,XLB,-3,-163.07999999999998
1407,XLF,12,296.88
1407,XLV,-2,-157.86
1407,XLB,-2,-108.52
1408,XLF,-1,-24.81
1409,XLF,1,24.65
1416,XLK,364,21297.64
1416,XLF,-892,-21300.96
1418,XLK,-364,-21421.4
1418,XLU,383,21382.89
1419,XLU,1,54.9
1420,XLK,28,1649.48
1420,XLU,-31,-1693.53
1421,XLK,7,410.97
1421,XLU,-8,-440.72
1422,XLK,-21,-1233.54
1422,XLU,23,1259.25
1423,XLK,12,705.48
1423,XLU,-13,-704.47
1424,XLK,19,1121.95
1424,XLU,-21,-1135.68
1425,XLK,8,470.48
1425,XLU,-8,-429.44
1426,XLK,8,467.92
1426,XLU,-10,-536.7
1427,XLK,-7,-409.64
1427,XLU,8,425.84
1428,XLK,17,983.11
1428,XLU,-17,-913.24
1429,XLK,-32,-1857.28
1429,XLU,34,1823.08
1430,XLK,8,469.04
1430,XLU,10,529.0
1431,XLK,37,2171.9
1431,XLU,-41,-2176.69
1432,XLK,-8,-472.8
1432,XLU,8,424.4
1433,XLK,8,473.52
1433,XLU,-8,-425.12
1434,XLK,-3,-177.99
1434,XLU,3,158.97
1435,XLK,7,415.03
1435,XLU,-8,-428.16
1436,XLK,-21,-1257.06
1436,XLU,24,1283.28
1437,XLK,10,599.5
1437,XLU,-12,-641.16
1438,XLK,2,120.2
1438,XLU,-1,-53.5
1439,XLK,-1,-60.16
1440,XLK,-18,-1086.48
1440,XLU,20,1085.0
1441,XLK,-5,-301.05
1441,XLU,6,327.18
1442,XLK,-5,-302.5
1442,XLU,5,270.75
1443,XLK,-5,-303.6
1443,XLU,6,324.18
1444,XLK,32,1943.04
1444,XLU,-36,-1956.6
1445,XLK,-2,-121.74
1445,XLU,3,162.75
1446,XLK,-24,-1456.56
1446,XLU,25,1370.5
1447,XLK,311,19002.1
1447,XLU,-345,-18926.7
1450,XLE,98,6573.84
1450,XLK,-109,-6610.849999999999
1451,XLE,2,134.44
1451,XLB,39,2317.77
1451,XLK,-40,-2436.0
1452,XLI,4,289.28
1452,XLB,-30,-1773.6
1452,XLK,23,1438.42
1453,XLE,-2,-135.38
1453,XLI,-3,-215.46
1453,XLB,12,706.08
1453,XLK,-5,-313.4
1454,XLE,8,543.28
1454,XLI,-1,-71.53
1454,XLB,-2,-118.0
1454,XLK,-6,-377.7000000000001
1455,XLE,-2,-137.36
1455,XLI,6,428.94
1455,XLB,-8,-474.32
1455,XLK,3,188.88
1456,XLE,-4,-273.92
1456,XLI,-6,-431.4
1456,XLB,-8,-470.88
1456,XLK,18,1133.82
1457,XLE,-1,-68.68
1457,XLB,5,294.15
1457,XLK,-4,-253.96
1458,XLE,2,140.5
1458,XLI,2,143.74
1458,XLB,17,995.86
1458,XLK,-20,-1272.6
1459,XLE,17,1192.72
1459,XLI,-2,-143.96
1459,XLB,-15,-879.6
1459,XLK,-2,-127.32
1460,XLE,-13,-907.66
1460,XLI,1,71.86
1460,XLB,-8,-469.6
1460,XLK,20,1280.2
1461,XLE,10,700.3
1461,XLI,5,354.79999999999995
1461,XLB,23,1338.6
1461,XLK,-37,-2349.5
1462,XLE,-3,-208.98
1462,XLI,-6,-426.36
1462,XLB,-16,-929.76
1462,XLK,25,1587.5
1463,XLE,-6,-415.56000000000006
1463,XLB,7,408.87
1463,XLK,-1,-63.48
1464,XLE,-15,-1022.1
1464,XLI,2,141.26
1464,XLB,20,1157.6
1464,XLK,-4,-253.4
1465,XLE,8,538.96
1465,XLB,-16,-920.48
1465,XLK,7,440.16
1466,XLE,14,939.4
1466,XLB,-16,-931.68
1466,XLK,-1,-63.76
1467,XLE,1,67.43
1467,XLI,6,423.0
1467,XLK,-7,-443.45
1468,XLE,-16,-1076.32
1468,XLI,-8,-566.56
1468,XLB,-2,-116.78
1468,XLK,27,1716.93
1469,XLE,-47,-3168.74
1469,XLF,571,15051.56
1469,XLI,31,2211.23
1469,XLB,15,880.5
1469,XLK,-234,-15036.840000000002
1470,XLE,-27,-1827.63
1470,XLF,152,3986.96
1470,XLI,-15,-1071.15
1470,XLB,-3,-175.62
1470,XLK,-14,-897.96
1471,XLE,-12,-814.56
1471,XLF,-36,-943.92
1471,XLI,-16,-1142.56
1471,XLB,20,1176.8000000000002
1471,XLK,28,1806.0
1472,XLE,21,1410.99
1472,XLF,-48,-1257.6
1472,XLI,1,71.53
1472,XLB,-29,-1696.21
1472,XLK,22,1419.0
1473,XLE,11,744.81
1473,XLF,3,80.64
1473,XLI,1,72.62
1473,XLB,12,709.6800000000001
1473,XLK,-25,-1617.7499999999998
1474,XLE,36,2450.88
1474,XLF,-105,-2870.7
1474,XLI,31,2271.06
1474,XLB,-14,-829.2199999999999
1474,XLK,-16,-1012.48
1475,XLE,-17,-1174.6999999999998
1475,XLF,72,1981.44
1475,XLI,-18,-1341.18
1475,XLB,2,119.12
1475,XLK,6,383.04
1476,XLE,-46,-3205.28
1476,XLF,40,1103.1999999999998
1476,XLI,-15,-1103.85
1476,XLB,15,886.05
1476,XLK,38,2413.38
1477,XLE,37,2577.05
1477,XLF,17,476.0
1477,XLI,7,519.4699999999999
1477,XLB,-4,-238.72
1477,XLK,-54,-3374.46
1478,XLF,178,4957.3
1478,XLI,-6,-441.48
1478,XLB,-13,-771.94
1478,XLE,-54,-3744.9
1479,XLF,-5,-138.75
1479,XLI,-1,-73.69
1479,XLB,4,236.12
1480,XLY,2,193.58
1480,XLF,-121,-3368.64
1480,XLI,7,520.59
1480,XLB,43,2555.49
1481,XLY,2,194.5
1481,XLF,63,1764.63
1481,XLI,-7,-522.8299999999999
1481,XLB,-23,-1366.89
1482,XLY,-2,-194.92
1482,XLF,60,1676.4
1482,XLB,-25,-1487.75
1483,XLY,-1,-97.5
1483,XLF,6,169.32
1484,XLY,1,97.58
1484,XLF,-12,-334.44
1484,XLB,4,238.72
1485,XLY,-2,-195.76
1485,XLF,21,581.49
1485,XLB,-6,-354.12
1487,XLF,-5,-140.29999999999998
1487,XLK,1,65.13
1488,XLF,1,27.94
1488,XLK,-1,-64.73
1489,XLF,4,111.56
1499,XLY,239,24325.42
1499,XLF,-856,-24318.96
1517,XLY,-239,-25479.79
1517,XLI,320,25468.800000000003
1529,XLE,122,8265.5
1529,XLI,-108,-8263.08
1530,XLI,-1,-76.53
1531,XLE,-2,-134.68
1531,XLI,2,154.08
1532,XLE,1,68.8
1533,XLE,4,276.84
1533,XLI,-4,-315.0
1534,XLE,1,68.31
1534,XLI,-1,-77.76
1535,XLE,-1,-66.74
1535,XLI,1,76.65
1536,XLE,-5,-333.2
1536,XLI,4,300.6
1537,XLI,1,75.13
1538,XLE,1,67.66
1538,XLI,-1,-76.03
1539,XLE,2,135.4
1539,XLI,-2,-152.74
1540,XLI,108,8246.88
1540,XLE,-123,-8264.369999999999
1549,XLI,-319,-24323.75
1549,XLK,357,24347.4
1560,XLK,-287,-18844.42
1560,XLU,370,18803.4
1561,XLK,-6,-384.3
1561,XLU,9,453.78
1562,XLK,-5,-322.75
1562,XLU,5,252.6
1563,XLK,-1,-66.14
1563,XLU,1,50.13
1564,XLK,20,1315.0
1564,XLU,-25,-1251.5
1565,XLK,-4,-266.16
1565,XLU,4,197.6
1566,XLK,19,1260.08
1566,XLU,-24,-1194.96
1567,XLK,-10,-668.3
1567,XLU,13,656.11
1568,XLK,-12,-816.8399999999999
1568,XLU,16,815.68
1569,XLK,-3,-203.67
1569,XLU,4,203.16
1570,XLK,2,134.28
1570,XLU,-3,-152.28
1571,XLK,-5,-331.04999999999995
1571,XLU,6,301.79999999999995
1572,XLK,3,197.91
1572,XLU,-3,-150.99
1573,XLK,-2,-129.64
1573,XLU,2,101.34
1574,XLK,-16,-1037.28
1574,XLU,21,1064.28
1575,XLK,-1,-66.01
1575,XLU,1,51.19
1576,XLK,-2,-131.78
1576,XLU,3,155.13
1577,XLK,-12,-785.52
1577,XLU,15,773.4000000000001
1578,XLK,-2,-132.56
1578,XLU,2,102.8
1579,XLK,9,595.89
1579,XLU,-11,-564.85
1581,XLK,1,67.62
1581,XLU,-2,-103.02
1582,XLK,3,204.27
1582,XLU,-3,-153.72
1583,XLE,95,7080.35
1583,XLK,19,1296.56
1583,XLU,-169,-8443.24
1584,XLE,-15,-1140.75
1584,XLU,114,5655.54
1584,XLK,-65,-4490.2
1585,XLE,2,153.24
1585,XLU,-4,-201.24
1586,XLE,1,76.73
1587,XLE,-1,-77.26
1587,XLU,1,50.19
1588,XLU,-1,-49.77
1589,XLU,1,49.38
1590,XLE,-1,-78.72
1590,XLU,2,97.96
1591,XLE,2,156.22
1591,XLU,-3,-146.97
1592,XLE,-1,-78.91
1592,XLU,2,98.48
1593,XLE,2,155.72
1593,XLU,-3,-148.26
1594,XLE,-1,-77.85
1594,XLU,1,49.87
1595,XLE,1,76.57
1595,XLU,-2,-100.56
1596,XLE,1,74.58
1596,XLU,-1,-50.5
1597,XLE,-2,-148.7
1597,XLU,3,151.5
1598,XLE,227,17388.199999999997
1598,XLU,-342,-17411.219999999998
1602,XLY,94,10185.84
1602,XLE,-136,-10273.44
1603,XLE,1,75.9
1604,XLE,-1,-77.05
1605,XLY,-1,-109.92
1605,XLE,2,153.8
1607,XLY,-1,-110.89
1607,XLE,2,153.42
1608,XLE,-1,-76.42
1609,XLE,1,76.31
1610,XLY,-2,-224.22
1610,XLE,2,148.34
1611,XLY,3,335.76
1611,XLE,-4,-299.64
1612,XLY,-1,-111.78
1612,XLE,2,149.48
1614,XLY,-1,-111.51
1614,XLE,1,73.68
1615,XLY,2,222.64
1615,XLE,-3,-225.45
1616,XLY,-1,-108.9
1616,XLE,2,147.28
1617,XLY,2,219.36
1617,XLE,-3,-223.71
1619,XLY,-2,-218.22
1619,XLE,2,150.94
1620,XLY,1,109.3
1621,XLY,-2,-218.9
1621,XLE,2,149.64
1622,XLY,2,217.8
1622,XLE,-3,-225.87
1623,XLY,-1,-109.44
1623,XLE,2,150.42
1624,XLY,122,13456.6
1624,XLE,-178,-13469.26
1628,XLY,-214,-24040.76
1628,XLK,332,24109.84
1633,XLY,1,112.65
1633,XLV,7,608.51
1633,XLK,-11,-797.83
1634,XLY,-1,-112.15
1634,XLV,-5,-433.8
1634,XLK,7,507.85
1635,XLY,1,112.03
1635,XLV,-1,-86.94
1635,XLK,-1,-72.92
1636,XLY,-1,-111.7
1636,XLK,2,146.64
1637,XLY,2,225.04
1637,XLK,-2,-148.48
1638,XLV,-1,-88.6
1639,XLP,289,15426.820000000002
1639,XLK,-215,-15447.749999999998
1640,XLY,-2,-221.5
1640,XLP,57,3039.24
1640,XLV,11,968.11
1640,XLK,-53,-3748.69
1641,XLY,2,222.54
1641,XLP,30,1607.1
1641,XLV,-10,-889.3000000000001
1641,XLK,-13,-921.96
1642,XLY,-2,-221.44
1642,XLP,-38,-2018.56
1642,XLV,4,355.8
1642,XLK,26,1860.56
1643,XLY,2,222.96
1643,XLP,30,1609.8
1643,XLV,-5,-446.4
1643,XLK,-18,-1304.28
1644,XLY,-1,-111.86
1644,XLP,-111,-6026.19
1644,XLK,83,6035.76
1645,XLY,-1,-112.61
1645,XLP,91,4944.9400000000005
1645,XLV,1,89.97
1645,XLK,-67,-4898.37
1646,XLP,16,864.16
1646,XLK,-12,-880.6800000000001
1647,XLP,66,3537.6
1647,XLV,2,180.24
1647,XLK,-51,-3753.09
1648,XLY,4,454.68
1648,XLP,-70,-3740.8
1648,XLV,-3,-270.06
1648,XLK,48,3533.76
1649,XLY,-2,-225.44
1649,XLP,44,2342.56
1649,XLV,3,268.89
1649,XLK,-31,-2263.93
1650,XLY,-2,-224.3
1650,XLP,38,2023.12
1650,XLV,-1,-89.66
1650,XLK,-24,-1750.3200000000002
1651,XLP,-8,-428.88
1651,XLV,5,450.4
1652,XLY,1,111.86
1652,XLP,7,376.81
1652,XLV,-5,-449.65
1653,XLP,-433,-23641.8
1653,XLV,-1,-90.81
1653,XLU,439,23811.36
1653,XLY,-1,-112.41
1654,XLP,20,1100.4
1654,XLV,-1,-91.09
1654,XLU,-18,-981.36
1655,XLP,11,604.89
1655,XLU,-11,-597.63
1656,XLP,-32,-1747.2
1656,XLU,32,1726.08
1657,XLP,29,1573.54
1657,XLU,-29,-1552.66
1658,XLP,-27,-1461.51
1658,XLU,28,1498.0
1659,XLP,18,973.08
1659,XLU,-19,-1020.87
1660,XLP,-7,-378.63
1660,XLU,7,373.8
1661,XLP,-7,-377.37
1661,XLU,6,319.74
1662,XLP,16,863.52
1662,XLU,-14,-751.52
1663,XLP,57,3066.6
1663,XLU,-58,-3114.6000000000004
1664,XLP,-60,-3226.8
1664,XLU,60,3208.2
1665,XLP,16,859.36
1665,XLU,-15,-805.65
1666,XLP,-28,-1521.24
1666,XLU,28,1524.88
1667,XLP,34,1852.32
1667,XLU,-35,-1916.95
1668,XLP,21,1141.77
1668,XLU,-20,-1082.0
1669,XLP,-5,-272.8
1669,XLU,4,217.48
1670,XLP,-31,-1685.16
1670,XLU,32,1735.36
1671,XLP,18,989.82
1671,XLU,-20,-1083.6
1672,XLP,-1,-54.91
1672,XLU,3,163.77
1673,XLP,-24,-1314.24
1673,XLU,24,1303.1999999999998
1674,XLP,143,7859.28
1674,XLU,-145,-7899.599999999999
1675,XLP,-112,-6129.759999999999
1675,XLV,1,93.73
1675,XLU,108,5873.04
1676,XLP,-41,-2239.83
1676,XLV,-1,-93.6
1676,XLI,17,1355.75
1676,XLU,21,1117.2
1677,XLI,-14,-1118.18
1677,XLU,39,2079.09
1677,XLP,-16,-885.12
1678,XLI,5,400.0
1678,XLU,-8,-424.48
1679,XLI,294,23117.22
1679,XLU,-439,-23087.01
1682,XLI,13,1019.85
1712,XLI,-315,-23045.4
1722,XLP,420,23011.8
1726,XLP,-328,-18335.2
1726,XLU,335,18351.3
1727,XLP,8,450.08
1727,XLU,-9,-500.31000000000006
1728,XLP,-35,-1970.85
1728,XLU,35,1965.25
1729,XLP,-34,-1882.24
1729,XLU,34,1910.46
1730,XLP,-31,-1718.02
1730,XLU,31,1743.75
1748,XLP,31,1555.89
1748,XLB,1,49.34
1748,XLU,-32,-1664.0
1749,XLP,-19,-973.94
1749,XLB,2,102.56
1749,XLU,17,897.09
1750,XLP,-2,-102.38
1750,XLB,1,51.46
1751,XLP,-8,-413.28
1751,XLB,40,2080.0
1751,XLU,-31,-1644.86
1752,XLY,1,104.78
1752,XLP,17,870.06
1752,XLB,-43,-2236.86
1752,XLU,23,1213.02
1753,XLY,-1,-104.48
1753,XLP,28,1441.4399999999998
1753,XLB,24,1259.52
1753,XLU,-48,-2564.64
1754,XLP,-34,-1755.42
1754,XLB,-4,-209.08
1754,XLU,37,1969.51
1755,XLP,115,5908.700000000001
1755,XLB,-14,-726.18
1755,XLU,-99,-5150.97
1756,XLB,43,2215.79
1756,XLU,84,4424.28
1756,XLP,-128,-6641.92
1757,XLB,-28,-1448.4399999999998
1757,XLU,27,1427.22
1758,XLB,-12,-631.6800000000001
1758,XLU,11,583.88
1759,XLB,-1,-53.51
1759,XLU,2,106.28
1760,XLB,-8,-422.16
1760,XLU,8,425.92
1761,XLB,437,22903.17
1761,XLU,-425,-22856.5
1774,XLI,5,367.3
1774,XLB,-8,-422.24
1775,XLI,-5,-373.0
1775,XLB,6,323.76
1776,XLI,16,1200.64
1776,XLB,-21,-1134.63
1777,XLI,-7,-522.8299999999999
1777,XLB,10,537.5
1778,XLI,306,23161.14
1778,XLB,-425,-23154.0
1783,XLI,-294,-22493.94
1783,XLK,317,22500.66
1784,XLI,2,152.6
1784,XLK,-4,-284.52
1785,XLI,-14,-1072.4
1785,XLK,16,1136.96
1786,XLI,3,229.02
1786,XLK,-3,-212.58
1787,XLI,-2,-152.82
1787,XLK,2,142.68
1788,XLI,7,532.49
1788,XLK,-7,-497.49
1789,XLI,3,226.74
1789,XLK,-3,-212.58
1790,XLI,-13,-973.31
1790,XLK,13,916.37
1791,XLI,30,2232.6
1791,XLK,-32,-2234.24
1792,XLI,-13,-965.51
1792,XLK,14,977.34
1793,XLY,1,109.9
1793,XLI,-10,-749.0
1793,XLK,8,570.48
1794,XLY,-1,-110.21
1794,XLI,38,2822.64
1794,XLK,-37,-2654.01
1795,XLI,-42,-3147.0600000000004
1795,XLK,44,3176.8
1796,XLI,-8,-597.44
1796,XLK,7,506.44999999999993
1797,XLI,-2,-147.98
1797,XLK,4,291.96
1827,XLK,-339,-26638.62
1841,XLP,461,26622.75
1852,XLP,-445,-25284.9
1852,XLF,938,25222.82
1853,XLP,2,114.94
1853,XLF,-3,-81.17999999999999
1854,XLP,-15,-871.05
1854,XLF,32,869.12
1855,XLP,9,527.6700000000001
1855,XLF,-17,-461.04
1856,XLY,1,116.76
1856,XLP,4,234.6
1856,XLF,-17,-464.9500000000001
1857,XLF,1,27.36
1858,XLY,-1,-117.18
1858,XLP,-13,-766.09
1858,XLF,33,893.97
1859,XLP,18,1063.08
1859,XLF,-40,-1087.2
1860,XLY,1,118.49
1860,XLP,-20,-1181.8000000000002
1860,XLF,42,1144.08
1861,XLY,1,118.54
1861,XLP,1,58.92
1861,XLF,-8,-215.92
1862,XLY,-2,-238.88
1862,XLP,9,527.4
1862,XLF,-163,-4458.05
1862,XLU,68,4106.52
1863,XLP,38,2235.92
1863,XLF,61,1665.3
1863,XLU,-64,-3894.4
1864,XLP,27,1602.72
1864,XLF,-110,-3016.2000000000003
1864,XLU,23,1408.52
1865,XLP,-60,-3523.2
1865,XLF,81,2204.82
1865,XLU,22,1341.78
1866,XLY,1,118.88
1866,XLP,28,1648.36
1866,XLF,5,135.55
1866,XLU,-32,-1952.32
1867,XLY,4,470.96
1867,XLP,-32,-1882.88
1867,XLF,46,1242.92
1867,XLU,3,181.92
1868,XLP,-12,-696.0
1868,XLF,90,2427.3
1868,XLU,-18,-1067.76
1868,XLY,-5,-590.6
1869,XLP,3,174.32999999999998
1869,XLF,-11,-299.31
1869,XLU,2,118.8
1870,XLP,-3,-174.21
1870,XLF,8,220.8
1871,XLP,2,116.84
1871,XLF,4,111.72
1871,XLU,-4,-237.92
1872,XLP,4,235.72
1872,XLF,-14,-390.04
1872,XLU,2,120.58
1873,XLP,24,1431.84
1873,XLF,-131,-3678.48
1873,XLU,36,2185.56
1874,XLP,-12,-712.8
1874,XLF,100,2816.0
1874,XLU,-35,-2123.8
1875,XLP,-10,-594.8
1875,XLF,-38,-1064.76
1875,XLU,27,1640.7900000000002
1876,XLP,6,354.78000000000003
1876,XLF,3,84.21000000000001
1876,XLU,-7,-425.95
1877,XLP,16,952.16
1877,XLF,-19,-531.43
1877,XLV,2,186.92
1877,XLU,-10,-609.9
1878,XLP,-25,-1491.5
1878,XLF,36,1012.68
1878,XLV,4,373.92
1878,XLU,3,183.03
1879,XLP,36,2153.88
1879,XLF,-63,-1784.16
1879,XLV,4,369.76
1879,XLU,-12,-727.3199999999999
1880,XLP,-20,-1199.4
1880,XLF,6,168.96
1880,XLV,-8,-741.12
1880,XLU,28,1703.8
1881,XLP,29,1739.71
1881,XLF,-104,-2921.36
1881,XLV,-1,-92.18
1881,XLU,22,1331.0
1882,XLP,250,14980.0
1882,XLV,-1,-92.2
1882,XLU,98,5951.54
1882,XLF,-748,-20831.8
1883,XLP,-44,-2654.08
1883,XLU,44,2695.44
1884,XLP,3,179.82
1884,XLU,-3,-181.11
1885,XLP,-2,-119.18
1885,XLB,35,2039.1
1885,XLU,-34,-2048.16
1886,XLB,11,654.0600000000001
1886,XLU,249,14905.14
1886,XLP,-257,-15425.14
1887,XLB,-22,-1307.24
1887,XLU,21,1258.11
1888,XLB,-11,-648.89
1888,XLU,11,657.36
1889,XLB,20,1181.2
1889,XLU,-19,-1139.62
1890,XLB,-2,-117.72
1890,XLU,2,120.58
1891,XLB,-12,-711.0
1891,XLU,11,658.13
1892,XLB,25,1458.5
1892,XLU,-25,-1488.75
1893,XLB,-27,-1566.27
1893,XLU,27,1624.32
1894,XLB,-4,-229.32
1894,XLU,3,180.45
1895,XLB,-3,-168.75
1895,XLU,2,118.58
1896,XLB,38,2140.16
1896,XLU,-34,-2041.02
1897,XLB,-45,-2569.5
1897,XLU,42,2527.56
1898,XLB,31,1803.89
1898,XLU,-30,-1824.0
1899,XLB,39,2251.47
1899,XLU,-36,-2191.32
1900,XLB,410,23300.3
1900,XLU,-383,-23267.25
1903,XLB,-20,-1112.8
1903,XLK,14,1075.48
1904,XLB,1,56.62
1904,XLK,-1,-78.28
1905,XLB,12,684.84
1905,XLK,-8,-635.76
1906,XLB,2,112.8
1906,XLK,-2,-158.14
1907,XLB,-10,-566.9
1907,XLK,7,560.0
1908,XLB,1,56.31
1909,XLB,-6,-329.70000000000005
1909,XLK,4,308.68
1910,XLK,326,25506.24
1910,XLB,-463,-25525.19
1934,XLK,13,1046.89
1937,XLP,463,27988.35
1937,XLK,-353,-27971.72
1940,XLP,-223,-13451.36
1940,XLU,210,13423.2
1941,XLP,2,121.56
1941,XLU,-3,-192.69
1942,XLP,11,669.9
1942,XLU,-10,-641.5999999999999
1943,XLP,12,730.08
1943,XLU,-12,-767.04
1944,XLP,12,726.48
1944,XLU,-11,-698.61
1945,XLP,8,482.24
1945,XLU,-7,-443.17
1946,XLP,-1,-60.34
1946,XLU,1,63.45
1947,XLP,-2,-121.24
1947,XLU,1,63.61
1948,XLP,9,546.66
1948,XLU,-8,-510.56
1949,XLP,-1,-60.94
1949,XLU,1,64.07
1951,XLP,-10,-612.4
1951,XLU,9,581.4
1952,XLP,5,307.25
1952,XLU,-4,-259.28
1953,XLP,-284,-17349.56
1953,XLF,967,27694.88
1953,XLU,-161,-10329.76
1954,XLF,-3,-86.37
1954,XLU,1,63.28
1955,XLP,8,487.76
1955,XLF,-55,-1587.3
1955,XLI,10,790.8
1955,XLU,4,253.36
1956,XLP,13,796.25
1956,XLF,-17,-490.28
1956,XLI,-1,-79.36
1956,XLU,-4,-255.6
1957,XLP,7,428.12
1957,XLF,-94,-2697.8
1957,XLI,-4,-314.04
1957,XLU,41,2634.25
1958,XLF,145,4222.400000000001
1958,XLI,-5,-401.1
1958,XLU,-32,-2050.88
1958,XLP,-29,-1773.35
1959,XLF,29,851.73
1959,XLI,1,81.15
1959,XLU,-15,-949.05
1960,XLF,-1,-29.48
1960,XLI,1,81.32
1961,XLF,-29,-859.27
1961,XLU,12,754.3199999999999
1962,XLF,6,179.10000000000002
1962,XLI,-2,-163.3
1962,XLU,1,62.01
1963,XLF,-1,-29.84
1963,XLU,1,61.75
1964,XLF,15,446.4
1964,XLI,2,163.6
1964,XLU,-11,-675.0699999999999
1965,XLF,17,506.6
1965,XLI,-2,-163.58
1965,XLU,-4,-246.08
1973,XLF,-26,-777.9200000000001
1973,XLV,6,589.5600000000001
1973,XLI,1,81.67
1974,XLF,-3,-90.33
1974,XLV,1,99.41
1975,XLF,-3,-90.24
1975,XLV,-5,-496.65
1975,XLI,7,577.5
1976,XLF,-5,-151.0
1976,XLV,1,99.84
1976,XLI,1,82.42
1977,XLF,30,904.5
1977,XLV,-3,-298.47
1977,XLI,-8,-656.32
1978,XLF,-11,-329.56
1978,XLI,5,403.45
1979,XLF,-18,-531.72
1979,XLV,6,592.98
1979,XLI,-3,-239.43
1979,XLK,1,86.13
1980,XLF,15,447.3
1980,XLV,-1,-99.75
1980,XLK,-1,-86.48
1980,XLI,-3,-240.36
1981,XLF,15,449.4
1981,XLV,-5,-498.75
1981,XLK,1,86.8
1982,XLF,-21,-637.56
1982,XLV,6,602.46
1982,XLK,1,87.76
1983,XLF,16,484.64
1983,XLV,-6,-598.26
1983,XLK,1,87.3
1984,XLF,-25,-757.5
1984,XLV,10,999.3
1984,XLK,-3,-262.11
1985,XLF,1,30.23
1985,XLV,-6,-600.12
1985,XLK,6,527.76
1986,XLF,13,400.66
1986,XLV,-2,-201.9
1986,XLK,-1,-88.9
1987,XLF,-14,-429.94
1987,XLV,6,605.28
1987,XLK,-2,-178.98
1988,XLF,21,647.22
1988,XLV,-7,-713.79
1989,XLF,3,92.82
1989,XLV,-1,-101.86
1990,XLF,1,30.81
1990,XLV,3,306.0
1990,XLK,-3,-270.21
1991,XLF,-14,-431.2
1991,XLV,2,204.8
1991,XLK,1,90.72
1992,XLF,10,306.8
1992,XLV,-4,-410.8
1992,XLK,2,181.9
1993,XLF,11,336.71
1993,XLV,-1,-103.11
1993,XLK,-3,-273.63
1994,XLF,-28,-859.04
1994,XLV,1,102.98
1994,XLK,8,729.92
1995,XLF,14,431.9
1995,XLV,1,102.91
1995,XLK,-5,-459.6
1996,XLF,-15,-461.55
1996,XLV,5,514.7
1997,XLV,1,101.66
1997,XLK,-2,-182.76
1998,XLF,6,184.68
1998,XLV,-6,-611.16
1998,XLK,5,458.35
1999,XLF,-15,-466.2
1999,XLV,6,612.78
1999,XLK,-2,-186.78
2000,XLF,15,461.25
2000,XLV,-3,-303.72
2000,XLK,-1,-92.34
2001,XLF,-1,-30.73
2001,XLV,-3,-305.61
2001,XLK,3,277.68
2002,XLV,-2,-203.34
2002,XLK,317,29328.84
2002,XLF,-951,-29034.03
2021,XLV,314,31965.2
2021,XLK,-323,-32015.76
2022,XLV,-314,-32580.640000000003
2026,XLU,472,32615.2
2049,XLP,458,24168.66
2049,XLU,-472,-24128.64
2057,XLP,-1,-53.76
2058,XLP,1,53.51
2062,XLP,-1,-54.92
2063,XLP,1,55.35
2065,XLP,-1,-56.75
2066,XLP,1,57.59
2067,XLP,-1,-58.13
2068,XLP,-22,-1269.4
2068,XLV,1,94.0
2068,XLU,19,1119.1
2069,XLP,22,1323.3
2069,XLV,-1,-97.12
2069,XLU,-19,-1151.97
2075,XLY,7,772.87
2075,XLP,-18,-1054.98
2075,XLV,2,196.84
2076,XLY,-3,-331.14
2076,XLP,5,290.45000000000005
2077,XLY,-4,-449.0
2077,XLP,5,293.55
2077,XLV,2,200.58
2078,XLY,1,114.35
2078,XLP,-3,-176.64
2078,XLV,1,101.58
2079,XLP,11,651.3100000000001
2079,XLV,-5,-497.65
2079,XLY,-1,-114.8
2094,XLV,261,26107.83
2094,XLP,-457,-26154.11
2102,XLB,478,26686.74
2102,XLV,-261,-26619.39
2106,XLE,28,1255.52
2106,XLB,-23,-1376.09
2107,XLE,19,890.34
2107,XLB,-15,-898.65
2108,XLY,1,132.21
2108,XLE,16,721.6
2108,XLB,-14,-828.52
2109,XLY,-1,-130.97
2109,XLE,-21,-900.48
2109,XLB,18,1053.18
2110,XLE,-6,-233.04
2110,XLB,5,269.95
2111,XLY,3,376.02
2111,XLE,-25,-995.5
2111,XLB,10,550.4
2112,XLY,-3,-379.59
2112,XLE,5,199.7
2112,XLB,4,222.48
2113,XLE,-6,-246.54
2113,XLB,5,283.9
2114,XLE,20,793.8
2114,XLB,-16,-900.96
2115,XLE,-11,-441.98
2115,XLB,8,450.8
2116,XLY,1,127.38
2116,XLE,-15,-593.55
2116,XLB,10,561.8
2117,XLY,-1,-128.39
2117,XLE,21,824.25
2117,XLB,-13,-729.04
2118,XLY,1,129.4
2118,XLE,-13,-510.77
2118,XLB,6,337.26
2119,XLY,-1,-126.55
2119,XLE,182,6754.02
2119,XLB,-278,-15170.46
2119,XLK,84,8590.68
2120,XLE,33,1248.06
2120,XLB,-44,-2431.0
2120,XLK,12,1242.96
2121,XLE,-25,-912.75
2121,XLB,32,1743.68
2121,XLK,-9,-913.86
2122,XLE,25,925.0
2122,XLB,-39,-2166.45
2122,XLK,12,1231.8000000000002
2123,XLE,-54,-2043.9
2123,XLB,79,4451.650000000001
2123,XLK,-23,-2403.27
2124,XLE,6,221.58
2124,XLB,7,395.29
2124,XLK,-6,-627.96
2125,XLE,-21,-784.1400000000001
2125,XLB,19,1093.07
2125,XLK,-3,-315.81
2126,XLE,2,74.9
2126,XLB,6,350.1
2126,XLK,-4,-428.44
2127,XLE,24,870.24
2127,XLB,-30,-1751.1
2127,XLK,8,847.92
2128,XLE,-31,-1123.13
2128,XLB,50,2877.0
2128,XLK,-17,-1831.24
2129,XLE,3,103.32
2129,XLB,7,399.0
2129,XLK,-3,-324.33
2130,XLE,-8,-284.32
2130,XLB,-32,-1855.68
2130,XLK,19,2053.52
2131,XLE,8,282.8
2131,XLB,31,1797.69
2131,XLK,-19,-2010.96
2132,XLE,7,256.13
2132,XLB,-48,-2853.6000000000004
2132,XLK,24,2569.44
2133,XLE,5,186.9
2133,XLB,20,1209.0
2133,XLK,-13,-1399.32
2134,XLB,192,11644.8
2134,XLK,-51,-5421.81
2134,XLE,-168,-6251.28
2135,XLB,9,550.4399999999999
2135,XLK,-5,-534.15
2136,XLY,1,135.98
2136,XLI,10,711.2
2136,XLB,-90,-5456.7
2136,XLK,42,4601.52
2137,XLY,8,1089.52
2137,XLI,-6,-432.36
2137,XLB,68,4158.88
2137,XLK,-45,-4880.7
2138,XLY,-7,-961.52
2138,XLI,7,508.48
2138,XLB,-31,-1917.97
2138,XLK,23,2514.59
2139,XLY,-2,-270.6
2139,XLI,7,506.94
2139,XLB,28,1727.04
2139,XLK,-20,-2129.8
2140,XLY,5,677.6999999999999
2140,XLI,-15,-1077.6
2140,XLB,11,676.17
2140,XLK,-2,-210.4
2141,XLY,-2,-272.76
2141,XLI,55,3967.7
2141,XLB,-56,-3492.16
2141,XLK,-2,-213.72
2142,XLY,-3,-405.09
2142,XLI,-56,-4011.84
2142,XLB,43,2622.57
2142,XLK,17,1795.37
2143,XLY,4,545.6
2143,XLI,5,363.65
2143,XLB,18,1106.82
2143,XLK,-19,-2035.66
2144,XLY,-3,-408.87
2144,XLI,9,648.0
2144,XLB,-47,-2834.1
2144,XLK,24,2585.76
2145,XLY,-1,-137.0
2145,XLI,-16,-1147.68
2145,XLB,65,3923.4
2145,XLK,-24,-2650.32
2147,XLI,13,938.73
2147,XLB,-14,-852.18
2148,XLY,3,418.47
2148,XLI,-9,-662.3100000000001
2148,XLB,3,185.28
2149,XLY,-2,-280.34
2149,XLI,-1,-73.87
2149,XLB,7,430.5
2150,XLI,372,27948.36
2150,XLY,-1,-140.38
2150,XLB,-449,-27707.79
2154,XLI,-375,-28961.25
2160,XLK,245,28895.3
2176,XLK,-245,-28535.15
2187,XLP,461,29550.1
2191,XLP,-461,-29554.71
2196,XLK,241,29563.47
2206,XLK,-241,-28064.45
2207,XLI,375,28076.25
2210,XLI,-375,-29220.0
2210,XLU,458,29197.5
2212,XLB,301,19616.17
2212,XLU,-309,-19683.3
2213,XLB,-26,-1763.58
2213,XLU,28,1799.56
2214,XLB,46,3128.0
2214,XLU,-48,-3078.24
2215,XLI,1,84.11
2215,XLB,13,903.89
2215,XLU,-16,-1045.12
2216,XLI,-1,-85.59
2216,XLB,1,70.35
2217,XLB,-8,-554.4
2217,XLU,9,598.59
2218,XLB,-14,-949.76
2218,XLU,14,916.16
2219,XLB,15,1035.15
2219,XLU,-15,-991.35
2220,XLB,1,70.37
2220,XLU,-1,-66.76
2221,XLB,-24,-1682.64
2221,XLU,25,1636.25
2222,XLF,1005,27466.65
2222,XLB,-288,-20024.64
2222,XLU,-117,-7507.89
2223,XLF,-47,-1288.74
2223,XLI,3,262.35
2223,XLB,34,2373.88
2223,XLU,-21,-1334.13
2224,XLF,59,1603.62
2224,XLB,-48,-3348.4800000000005
2224,XLU,29,1842.66
2225,XLF,-57,-1578.3300000000002
2225,XLI,-2,-176.22
2225,XLB,26,1828.84
2225,XLU,-3,-190.65
2226,XLF,-15,-429.9
2226,XLI,-1,-89.65
2226,XLB,19,1369.71
2226,XLU,-13,-834.99
2227,XLF,6,171.36
2227,XLI,10,889.7
2227,XLB,-24,-1712.16
2227,XLU,10,644.0
2228,XLF,-20,-569.4
2228,XLI,3,266.46
2228,XLB,-10,-717.0999999999999
2228,XLU,16,1020.16
2229,XLF,173,4823.24
2229,XLI,-10,-880.3
2229,XLB,-14,-993.86
2229,XLU,-46,-2890.6400000000003
2230,XLF,-97,-2746.07
2230,XLI,3,263.43
2230,XLB,9,645.93
2230,XLU,30,1898.4
2231,XLF,73,2089.26
2231,XLI,-6,-527.58
2231,XLB,-3,-212.55
2231,XLU,-22,-1401.4
2232,XLF,10,286.3
2232,XLB,-3,-211.08
2232,XLU,-1,-63.04
2233,XLF,-1,-28.98
2233,XLB,-3,-215.34
2233,XLU,4,249.64
2234,XLF,26,748.28
2234,XLU,-11,-690.36
2237,XLE,91,3785.6
2237,XLF,-133,-3823.75
2238,XLE,7,287.84
2238,XLF,-78,-2219.88
2238,XLB,9,638.1
2238,XLU,21,1307.04
2239,XLE,1,39.68
2239,XLF,31,872.03
2239,XLB,-9,-630.0
2239,XLU,-5,-309.6
2240,XLE,-12,-485.52
2240,XLF,-13,-371.93
2240,XLB,3,213.81
2240,XLU,10,631.4
2241,XLE,-6,-241.56
2241,XLF,-4,-114.64
2241,XLB,-1,-71.07
2241,XLU,7,436.87
2242,XLE,39,1562.73
2242,XLF,-58,-1666.9199999999998
2242,XLB,-1,-71.89
2242,XLU,3,188.49
2243,XLE,-43,-1694.2
2243,XLF,105,2991.45
2243,XLB,5,361.05
2243,XLU,-27,-1681.83
2244,XLE,35,1334.5500000000002
2244,XLF,-11,-315.92
2244,XLB,-6,-428.82
2244,XLU,-9,-549.1800000000001
2245,XLE,15,562.35
2245,XLF,-22,-625.6800000000001
2245,XLB,1,71.03
2246,XLE,-30,-1149.6
2246,XLF,38,1098.58
2247,XLE,8,304.96
2247,XLF,-12,-347.4
2247,XLB,1,71.58
2248,XLE,10,378.8
2248,XLF,-9,-261.81
2248,XLB,-2,-142.6
2249,XLE,-13,-489.19000000000005
2249,XLF,11,318.89
2249,XLB,2,142.26
2250,XLE,-14,-535.0799999999999
2250,XLF,20,582.4
2251,XLE,25,947.5
2251,XLF,-29,-854.92
2251,XLB,-1,-72.39
2252,XLE,1,37.96
2252,XLF,-3,-87.24
2253,XLE,-6,-237.96
2253,XLF,4,116.84
2253,XLB,2,146.62
2254,XLE,-21,-858.27
2254,XLF,29,884.5
2255,XLE,30,1244.1
2255,XLF,-35,-1082.9
2255,XLB,-2,-153.76
2256,XLE,-9,-372.78
2256,XLF,11,340.12
2257,XLE,2,84.14
2257,XLF,-1,-31.02
2257,XLB,-1,-76.51
2258,XLE,-23,-1001.42
2258,XLF,29,908.86
2258,XLB,1,77.48
2259,XLE,15,648.0
2259,XLF,-19,-595.08
2260,XLE,4,177.92
2260,XLF,-5,-157.3
2260,XLB,-1,-76.43
2261,XLE,10,427.5
2261,XLF,-13,-402.22
2262,XLF,-2,-62.04
2262,XLB,1,75.6
2263,XLE,5,218.85
2263,XLF,-4,-123.56
2263,XLB,-1,-75.85
2264,XLE,-12,-507.48
2264,XLF,12,366.72
2264,XLB,2,149.48
2265,XLE,17,715.19
2265,XLF,-24,-728.16
2266,XLE,-26,-1082.64
2266,XLF,39,1174.68
2266,XLB,-2,-147.98
2267,XLE,33,1344.75
2267,XLF,-75,-2241.0
2267,XLB,11,802.67
2268,XLE,-11,-442.2000000000001
2268,XLF,15,435.0
2268,XLB,2,141.64
2269,XLE,-1,-40.67
2269,XLF,29,856.66
2269,XLK,1,132.04
2269,XLB,-13,-936.52
2270,XLE,9,353.88
2270,XLF,-10,-289.5
2270,XLK,-1,-128.93
2271,XLE,317,12553.2
2271,XLK,111,14669.76
2271,XLF,-928,-27218.24
2272,XLE,10,400.3
2272,XLK,-3,-401.85
2273,XLE,-5,-208.7
2273,XLK,2,266.98
2274,XLE,5,211.0
2274,XLK,-2,-271.24
2275,XLE,2,85.12
2276,XLE,-14,-620.76
2276,XLK,4,546.96
2277,XLK,143,19530.94
2277,XLE,-445,-19522.15
2302,XLY,201,34091.61
2302,XLK,-255,-34093.5
2307,XLY,-201,-32815.259999999995
2313,XLI,333,32893.74
2324,XLI,-333,-33539.76
2324,XLB,407,33487.96
2327,XLB,1,81.57
2328,XLB,-1,-82.91
2332,XLB,1,83.93
2333,XLB,-1,-83.04
2347,XLP,357,25350.570000000003
2347,XLB,-293,-25318.13
2348,XLP,14,994.28
2348,XLB,-12,-1039.1999999999998
2349,XLP,29,2065.67
2349,XLB,-24,-2096.88
2350,XLP,-30,-2137.5
2350,XLB,25,2165.75
2351,XLP,9,639.9
2351,XLB,-7,-606.62
2352,XLP,18,1271.88
2352,XLB,-15,-1310.25
2353,XLP,-29,-2053.49
2353,XLB,24,2094.24
2354,XLP,8,564.56
2354,XLB,-6,-530.88
2355,XLP,7,495.81
2355,XLB,-6,-526.4399999999999
2356,XLP,9,641.43
2356,XLB,-8,-701.76
2357,XLP,6,429.12
2357,XLB,-4,-351.64
2358,XLP,-3,-214.2
2358,XLB,2,173.68
2359,XLP,21,1486.8
2359,XLB,-17,-1479.0
2360,XLB,340,29348.8
2360,XLP,-416,-29311.36
2365,XLF,914,34000.8
2365,XLB,-405,-33995.7
2366,XLF,-34,-1227.4
2366,XLV,3,375.51
2366,XLB,9,738.6299999999999
2367,XLF,10,352.29999999999995
2367,XLV,-1,-123.74
2367,XLB,-2,-161.48
2368,XLV,-2,-249.48
2368,XLB,393,32249.58
2368,XLF,-890,-31959.9
2375,XLE,315,16969.05
2375,XLV,127,15995.65
2375,XLB,-401,-33006.31
2377,XLE,4,218.76
2377,XLV,-2,-256.58
2378,XLE,5,264.54999999999995
2378,XLV,-2,-256.34
2380,XLE,-1,-51.75
2380,XLV,1,128.27
2381,XLE,-3,-158.55
2381,XLV,1,128.71
2382,XLE,3,158.31
2382,XLV,-1,-128.96
2383,XLE,1,52.37
2383,XLV,-1,-128.84
2384,XLE,4,203.24
2384,XLV,-1,-128.72
2385,XLE,55,2755.5
2385,XLV,-102,-13083.54
2385,XLK,67,10170.6
2386,XLE,3,146.04
2386,XLK,-1,-150.3
2387,XLE,-7,-328.72
2387,XLV,10,1272.7
2387,XLK,-6,-889.3799999999999
2388,XLE,-2,-95.18
2389,XLE,-2,-98.5
2389,XLV,1,129.03
2390,XLK,147,22491.0
2390,XLE,-375,-18262.5
2390,XLV,-31,-4029.38
2427,XLK,-207,-32391.36
2427,XLU,475,32347.5
2437,XLU,-475,-30191.0
2438,XLF,819,31228.47
2446,XLE,111,6255.96
2446,XLF,-163,-6296.6900000000005
2447,XLF,1,38.51
2449,XLF,-1,-38.93
2450,XLE,1,57.33
2450,XLF,-2,-79.02
2451,XLE,1,57.37
2453,XLF,-1,-40.23
2454,XLE,2,114.82
2454,XLF,-2,-80.12
2456,XLE,-1,-58.8
2456,XLF,1,40.57
2458,XLE,1,57.44
2458,XLF,-2,-79.86
2459,XLE,8,462.8
2459,XLF,-12,-485.04
2460,XLE,15,862.05
2460,XLF,-20,-805.1999999999999
2461,XLE,-35,-2046.1
2461,XLF,48,1933.44
2462,XLE,28,1621.48
2462,XLF,-40,-1615.2
2463,XLE,-17,-976.31
2463,XLF,23,932.19
2464,XLE,6,345.06
2464,XLF,-6,-240.0
2465,XLE,14,815.64
2465,XLF,-20,-800.4000000000001
2466,XLE,-12,-705.48
2466,XLF,15,603.6
2467,XLE,8,472.24
2467,XLF,-8,-320.16
2468,XLE,-6,-344.82
2468,XLF,4,159.8
2469,XLE,-11,-634.5899999999999
2469,XLF,19,761.1400000000001
2470,XLE,-30,-1726.5
2470,XLF,43,1726.45
2471,XLE,38,2205.14
2471,XLF,-54,-2168.1
2472,XLE,10,581.1999999999999
2472,XLF,-15,-601.65
2473,XLE,-13,-743.99
2473,XLF,19,753.35
2474,XLE,-1,-56.89
2475,XLE,-36,-1968.12
2475,XLF,50,1951.0
2476,XLE,39,2169.96
2476,XLF,-53,-2097.21
2477,XLE,16,917.6
2477,XLF,-24,-964.56
2478,XLE,-28,-1621.48
2478,XLF,41,1644.1
2479,XLY,1,204.07
2479,XLE,22,1222.76
2479,XLF,-36,-1395.72
2480,XLY,-1,-207.24
2480,XLE,-11,-614.9
2480,XLF,19,738.91
2481,XLY,51,10426.44
2481,XLE,255,13920.45
2481,XLF,-643,-24408.28
2482,XLY,-51,-10238.25
2482,XLE,-199,-10747.99
2482,XLB,251,21031.29
2483,XLB,1,85.5
2484,XLE,5,275.7
2484,XLB,-3,-255.93
2485,XLE,-6,-335.76
2485,XLB,4,346.24
2486,XLY,1,206.64
2486,XLE,49,2806.23
2486,XLB,-62,-5448.56
2486,XLK,13,2242.76
2487,XLY,-1,-207.16
2487,XLE,-18,-1030.68
2487,XLB,37,3265.25
2487,XLK,-12,-2079.7200000000003
2488,XLY,1,203.57
2488,XLE,5,284.1
2488,XLB,-17,-1491.92
2488,XLK,6,1028.64
2489,XLY,-1,-204.99
2489,XLE,13,744.12
2489,XLB,-20,-1766.0
2489,XLK,8,1399.04
2490,XLY,2,399.42
2490,XLE,-1,-55.65
2490,XLB,5,438.85
2490,XLK,-6,-1033.68
2491,XLY,-1,-198.55
2491,XLB,158,13853.44
2491,XLK,-7,-1186.15
2491,XLE,-222,-12303.24
2492,XLY,1,201.07
2492,XLK,-1,-173.94
2493,XLY,-2,-393.26
2493,XLB,3,266.31
2494,XLY,2,390.58
2494,XLB,-2,-175.32
2494,XLK,-1,-167.88
2495,XLY,-2,-383.7
2495,XLB,5,428.3
2496,XLB,-13,-1127.62
2496,XLK,6,1018.56
2497,XLY,1,200.41
2497,XLB,8,699.44
2497,XLK,-6,-1031.88
2498,XLY,1,203.19
2498,XLB,-2,-176.62
2498,XLK,1,172.94
2499,XLY,-2,-410.34
2499,XLB,5,448.2
2500,XLY,1,205.26
2500,XLB,-8,-721.28
2500,XLK,2,351.46
2501,XLB,-6,-543.1800000000001
2501,XLK,4,703.52
2502,XLY,-1,-204.93
2502,XLB,14,1262.9399999999998
2502,XLK,-6,-1048.32
2503,XLB,-6,-543.66
2503,XLK,3,521.61
2504,XLB,-1,-89.43
2504,XLK,1,175.52
2505,XLB,10,905.3
2505,XLK,-5,-868.3
2509,XLP,199,15285.19
2509,XLV,3,407.19
2509,XLB,-280,-24749.2
2509,XLK,2,331.92
2509,XLU,122,8533.9
2510,XLP,-75,-5754.0
2510,XLV,-2,-273.62
2510,XLB,1,89.36
2510,XLK,-1,-167.95
2510,XLU,88,6100.16
2511,XLP,92,7061.0
2511,XLB,-81,-7311.06
2511,XLK,-1,-168.74
2511,XLU,5,347.70000000000005
2512,XLP,-17,-1307.13
2512,XLV,-1,-134.3
2512,XLB,6,537.36
2512,XLK,5,821.85
2512,XLU,3,209.64
2513,XLP,1,77.03
2513,XLB,38,3374.4
2513,XLK,-4,-663.04
2513,XLU,-41,-2845.4
2514,XLP,25,1898.0
2514,XLV,2,264.38
2514,XLB,-20,-1752.6
2514,XLK,2,323.56
2514,XLU,-11,-754.27
2515,XLP,-40,-3056.0
2515,XLV,1,131.65
2515,XLB,-3,-262.23
2515,XLK,-3,-478.56000000000006
2515,XLU,54,3719.52
2516,XLP,33,2504.7000000000003
2516,XLV,-2,-261.58
2516,XLB,18,1550.52
2516,XLK,5,787.3000000000001
2516,XLU,-68,-4689.96
